{
  "timestamp": "2026-04-12T05:20:26.996110",
  "participants": [
    "organism_018",
    "organism_008",
    "organism_004",
    "organism_020",
    "organism_010",
    "organism_015",
    "organism_013",
    "organism_017",
    "organism_012",
    "organism_014",
    "organism_002",
    "organism_001",
    "organism_007",
    "organism_011",
    "organism_005",
    "organism_009",
    "organism_006",
    "organism_016",
    "organism_003",
    "organism_019"
  ],
  "champion": "organism_016",
  "scores": {
    "organism_016": 1294.0200000000002,
    "organism_017": 1023.8400000000001,
    "organism_013": 860.0,
    "organism_010": 839.7999999999998,
    "organism_020": 774.0,
    "organism_012": 740.0000000000001,
    "organism_004": 711.0,
    "organism_015": 672.5999999999999,
    "organism_006": 587.5,
    "organism_002": 585.0,
    "organism_011": 522.0,
    "organism_009": 500.0,
    "organism_014": 487.5623000000002,
    "organism_005": 446.5,
    "organism_018": 440.0,
    "organism_001": 440.0,
    "organism_007": 440.0,
    "organism_003": 396.0,
    "organism_019": 333.0,
    "organism_008": 305.9
  },
  "rounds": 20
}