{
  "timestamp": "2026-04-29T05:51:18.000440",
  "participants": [
    "organism_018",
    "organism_008",
    "organism_004",
    "organism_020",
    "organism_010",
    "organism_015",
    "organism_013",
    "organism_017",
    "organism_012",
    "organism_014",
    "organism_002",
    "organism_001",
    "organism_007",
    "organism_011",
    "organism_005",
    "organism_009",
    "organism_006",
    "organism_016",
    "organism_003",
    "organism_019"
  ],
  "champion": "organism_015",
  "scores": {
    "organism_015": 1097.3999999999996,
    "organism_016": 835.3799999999999,
    "organism_014": 796.1702000000001,
    "organism_012": 651.2,
    "organism_004": 648.0,
    "organism_020": 648.0,
    "organism_003": 648.0,
    "organism_010": 617.4999999999999,
    "organism_006": 587.5,
    "organism_019": 585.0,
    "organism_017": 526.14,
    "organism_002": 522.0,
    "organism_005": 517.0,
    "organism_018": 500.0,
    "organism_007": 500.0,
    "organism_013": 440.0,
    "organism_009": 440.0,
    "organism_008": 402.49999999999994,
    "organism_011": 396.0,
    "organism_001": 320.0
  },
  "rounds": 20
}