{
  "timestamp": "2026-07-20T06:13:33.232912",
  "participants": [
    "organism_018",
    "organism_014",
    "organism_002",
    "organism_004",
    "organism_017",
    "organism_011",
    "organism_007",
    "organism_016",
    "organism_020",
    "organism_009",
    "organism_005",
    "organism_019",
    "organism_015",
    "organism_013",
    "organism_006",
    "organism_008",
    "organism_001",
    "organism_010",
    "organism_003",
    "organism_012"
  ],
  "champion": "organism_015",
  "scores": {
    "organism_015": 1415.9999999999995,
    "organism_017": 1023.84,
    "organism_016": 835.3799999999999,
    "organism_014": 796.1702000000001,
    "organism_002": 648.0,
    "organism_004": 648.0,
    "organism_010": 617.4999999999999,
    "organism_012": 562.4,
    "organism_019": 522.0,
    "organism_005": 517.0,
    "organism_007": 500.0,
    "organism_009": 500.0,
    "organism_011": 459.0,
    "organism_020": 459.0,
    "organism_006": 446.5,
    "organism_018": 440.0,
    "organism_013": 440.0,
    "organism_003": 333.0,
    "organism_008": 257.59999999999997,
    "organism_001": 200.0
  },
  "rounds": 20
}