{
  "timestamp": "2026-04-15T05:20:38.335308",
  "participants": [
    "organism_018",
    "organism_008",
    "organism_004",
    "organism_020",
    "organism_010",
    "organism_015",
    "organism_013",
    "organism_017",
    "organism_012",
    "organism_014",
    "organism_002",
    "organism_001",
    "organism_007",
    "organism_011",
    "organism_005",
    "organism_009",
    "organism_006",
    "organism_016",
    "organism_003",
    "organism_019"
  ],
  "champion": "organism_014",
  "scores": {
    "organism_014": 1104.7781000000002,
    "organism_016": 1064.6999999999998,
    "organism_015": 991.1999999999997,
    "organism_017": 924.3,
    "organism_013": 790.0,
    "organism_010": 765.6999999999996,
    "organism_002": 711.0,
    "organism_006": 658.0,
    "organism_020": 648.0,
    "organism_011": 648.0,
    "organism_004": 585.0,
    "organism_001": 560.0,
    "organism_009": 560.0,
    "organism_003": 522.0,
    "organism_019": 522.0,
    "organism_018": 500.0,
    "organism_007": 500.0,
    "organism_012": 473.5999999999998,
    "organism_008": 450.7999999999999,
    "organism_005": 376.0
  },
  "rounds": 20
}