{
  "timestamp": "2026-03-29T05:07:55.850248",
  "participants": [
    "organism_005",
    "organism_020",
    "organism_010",
    "organism_009",
    "organism_001",
    "organism_002",
    "organism_015",
    "organism_018",
    "organism_012",
    "organism_003",
    "organism_006",
    "organism_013",
    "organism_008",
    "organism_017",
    "organism_019",
    "organism_011",
    "organism_014",
    "organism_004",
    "organism_007",
    "organism_016"
  ],
  "champion": "organism_015",
  "scores": {
    "organism_015": 1097.3999999999996,
    "organism_016": 1064.6999999999998,
    "organism_012": 740.0000000000001,
    "organism_017": 625.6799999999998,
    "organism_014": 590.4316000000001,
    "organism_004": 585.0,
    "organism_013": 580.0,
    "organism_009": 500.0,
    "organism_010": 469.2999999999999,
    "organism_020": 459.0,
    "organism_003": 459.0,
    "organism_019": 459.0,
    "organism_005": 446.5,
    "organism_002": 396.0,
    "organism_011": 396.0,
    "organism_001": 380.0,
    "organism_018": 380.0,
    "organism_007": 380.0,
    "organism_006": 376.0,
    "organism_008": 161.0
  },
  "rounds": 20
}