{
  "timestamp": "2026-07-21T05:46:16.895915",
  "participants": [
    "organism_018",
    "organism_014",
    "organism_002",
    "organism_004",
    "organism_017",
    "organism_011",
    "organism_007",
    "organism_016",
    "organism_020",
    "organism_009",
    "organism_005",
    "organism_019",
    "organism_015",
    "organism_013",
    "organism_006",
    "organism_008",
    "organism_001",
    "organism_010",
    "organism_003",
    "organism_012"
  ],
  "champion": "organism_016",
  "scores": {
    "organism_016": 1638.0000000000005,
    "organism_015": 1097.3999999999996,
    "organism_017": 924.3,
    "organism_006": 869.5,
    "organism_012": 740.0000000000001,
    "organism_013": 720.0,
    "organism_014": 693.3009000000001,
    "organism_005": 658.0,
    "organism_011": 648.0,
    "organism_004": 585.0,
    "organism_019": 585.0,
    "organism_002": 522.0,
    "organism_020": 522.0,
    "organism_003": 522.0,
    "organism_008": 450.79999999999984,
    "organism_018": 440.0,
    "organism_007": 440.0,
    "organism_009": 440.0,
    "organism_001": 440.0,
    "organism_010": 247.0
  },
  "rounds": 20
}