{
  "timestamp": "2026-04-23T05:26:56.491132",
  "participants": [
    "organism_018",
    "organism_008",
    "organism_004",
    "organism_020",
    "organism_010",
    "organism_015",
    "organism_013",
    "organism_017",
    "organism_012",
    "organism_014",
    "organism_002",
    "organism_001",
    "organism_007",
    "organism_011",
    "organism_005",
    "organism_009",
    "organism_006",
    "organism_016",
    "organism_003",
    "organism_019"
  ],
  "champion": "organism_014",
  "scores": {
    "organism_014": 1104.7781000000002,
    "organism_015": 1097.3999999999996,
    "organism_016": 1064.7,
    "organism_017": 1023.8400000000001,
    "organism_012": 828.8000000000002,
    "organism_013": 720.0,
    "organism_010": 691.5999999999998,
    "organism_006": 658.0,
    "organism_005": 587.5,
    "organism_004": 585.0,
    "organism_019": 585.0,
    "organism_009": 560.0,
    "organism_020": 522.0,
    "organism_003": 522.0,
    "organism_007": 500.0,
    "organism_011": 459.0,
    "organism_001": 440.0,
    "organism_002": 396.0,
    "organism_018": 380.0,
    "organism_008": 161.00000000000006
  },
  "rounds": 20
}