{
  "timestamp": "2026-06-25T06:44:22.565177",
  "participants": [
    "organism_004",
    "organism_016",
    "organism_019",
    "organism_012",
    "organism_007",
    "organism_013",
    "organism_009",
    "organism_008",
    "organism_001",
    "organism_006",
    "organism_017",
    "organism_011",
    "organism_005",
    "organism_003",
    "organism_015",
    "organism_014",
    "organism_018",
    "organism_020",
    "organism_002",
    "organism_010"
  ],
  "champion": "organism_014",
  "scores": {
    "organism_014": 1207.6474,
    "organism_016": 1179.36,
    "organism_005": 940.0,
    "organism_012": 828.8000000000002,
    "organism_015": 778.7999999999998,
    "organism_006": 728.5,
    "organism_017": 725.2199999999998,
    "organism_013": 720.0,
    "organism_004": 711.0,
    "organism_011": 711.0,
    "organism_003": 711.0,
    "organism_020": 711.0,
    "organism_018": 680.0,
    "organism_019": 648.0,
    "organism_007": 620.0,
    "organism_008": 547.3999999999999,
    "organism_010": 543.4,
    "organism_002": 522.0,
    "organism_001": 500.0,
    "organism_009": 380.0
  },
  "rounds": 20
}