{
  "timestamp": "2026-06-27T06:27:07.069158",
  "participants": [
    "organism_004",
    "organism_016",
    "organism_019",
    "organism_012",
    "organism_007",
    "organism_013",
    "organism_009",
    "organism_008",
    "organism_001",
    "organism_006",
    "organism_017",
    "organism_011",
    "organism_005",
    "organism_003",
    "organism_015",
    "organism_014",
    "organism_018",
    "organism_020",
    "organism_002",
    "organism_010"
  ],
  "champion": "organism_017",
  "scores": {
    "organism_017": 1023.8400000000001,
    "organism_012": 917.6000000000003,
    "organism_014": 899.0395000000002,
    "organism_016": 835.3799999999999,
    "organism_005": 728.5,
    "organism_019": 648.0,
    "organism_020": 648.0,
    "organism_010": 617.4999999999998,
    "organism_004": 585.0,
    "organism_002": 585.0,
    "organism_013": 580.0,
    "organism_003": 522.0,
    "organism_009": 500.0,
    "organism_018": 500.0,
    "organism_015": 460.20000000000005,
    "organism_011": 459.0,
    "organism_007": 440.0,
    "organism_001": 380.0,
    "organism_006": 376.0,
    "organism_008": 257.59999999999997
  },
  "rounds": 20
}