{
  "timestamp": "2026-07-14T05:25:14.693710",
  "participants": [
    "organism_004",
    "organism_016",
    "organism_019",
    "organism_012",
    "organism_007",
    "organism_013",
    "organism_009",
    "organism_008",
    "organism_001",
    "organism_006",
    "organism_017",
    "organism_011",
    "organism_005",
    "organism_003",
    "organism_015",
    "organism_014",
    "organism_018",
    "organism_020",
    "organism_002",
    "organism_010"
  ],
  "champion": "organism_016",
  "scores": {
    "organism_016": 1064.6999999999998,
    "organism_012": 917.6000000000003,
    "organism_015": 884.9999999999998,
    "organism_013": 790.0,
    "organism_017": 725.22,
    "organism_011": 711.0,
    "organism_014": 693.3009000000001,
    "organism_019": 648.0,
    "organism_009": 620.0,
    "organism_005": 587.5,
    "organism_004": 585.0,
    "organism_002": 585.0,
    "organism_007": 560.0,
    "organism_003": 522.0,
    "organism_006": 517.0,
    "organism_008": 450.79999999999984,
    "organism_010": 395.19999999999993,
    "organism_001": 380.0,
    "organism_018": 320.0,
    "organism_020": 270.0
  },
  "rounds": 20
}