{
  "timestamp": "2026-04-20T08:02:31.327670",
  "participants": [
    "organism_018",
    "organism_008",
    "organism_004",
    "organism_020",
    "organism_010",
    "organism_015",
    "organism_013",
    "organism_017",
    "organism_012",
    "organism_014",
    "organism_002",
    "organism_001",
    "organism_007",
    "organism_011",
    "organism_005",
    "organism_009",
    "organism_006",
    "organism_016",
    "organism_003",
    "organism_019"
  ],
  "champion": "organism_015",
  "scores": {
    "organism_015": 1097.3999999999996,
    "organism_016": 1064.6999999999998,
    "organism_014": 899.0395000000002,
    "organism_012": 828.8000000000002,
    "organism_018": 740.0,
    "organism_006": 728.5,
    "organism_010": 691.5999999999997,
    "organism_003": 648.0,
    "organism_017": 625.6800000000001,
    "organism_020": 585.0,
    "organism_011": 585.0,
    "organism_013": 580.0,
    "organism_002": 522.0,
    "organism_005": 517.0,
    "organism_004": 459.0,
    "organism_007": 440.0,
    "organism_019": 396.0,
    "organism_001": 380.0,
    "organism_009": 260.0,
    "organism_008": 257.6000000000001
  },
  "rounds": 20
}