{
  "timestamp": "2026-05-05T05:39:22.707754",
  "participants": [
    "organism_018",
    "organism_008",
    "organism_004",
    "organism_020",
    "organism_010",
    "organism_015",
    "organism_013",
    "organism_017",
    "organism_012",
    "organism_014",
    "organism_002",
    "organism_001",
    "organism_007",
    "organism_011",
    "organism_005",
    "organism_009",
    "organism_006",
    "organism_016",
    "organism_003",
    "organism_019"
  ],
  "champion": "organism_015",
  "scores": {
    "organism_015": 778.7999999999998,
    "organism_016": 720.7199999999999,
    "organism_002": 648.0,
    "organism_017": 625.6799999999998,
    "organism_010": 617.4999999999999,
    "organism_004": 585.0,
    "organism_013": 580.0,
    "organism_009": 560.0,
    "organism_011": 522.0,
    "organism_005": 517.0,
    "organism_006": 517.0,
    "organism_014": 487.5623000000002,
    "organism_012": 473.59999999999974,
    "organism_020": 459.0,
    "organism_003": 459.0,
    "organism_019": 459.0,
    "organism_008": 402.49999999999983,
    "organism_001": 320.0,
    "organism_018": 200.0,
    "organism_007": 140.0
  },
  "rounds": 20
}