{
  "timestamp": "2026-05-24T06:35:02.530460",
  "participants": [
    "organism_014",
    "organism_018",
    "organism_006",
    "organism_017",
    "organism_019",
    "organism_020",
    "organism_003",
    "organism_007",
    "organism_015",
    "organism_009",
    "organism_005",
    "organism_004",
    "organism_011",
    "organism_010",
    "organism_001",
    "organism_012",
    "organism_013",
    "organism_016",
    "organism_002",
    "organism_008"
  ],
  "champion": "organism_016",
  "scores": {
    "organism_016": 1179.3600000000001,
    "organism_017": 924.3,
    "organism_014": 899.0395000000001,
    "organism_015": 884.9999999999999,
    "organism_012": 740.0000000000001,
    "organism_013": 720.0,
    "organism_020": 711.0,
    "organism_003": 648.0,
    "organism_004": 648.0,
    "organism_011": 585.0,
    "organism_002": 585.0,
    "organism_018": 560.0,
    "organism_010": 543.3999999999999,
    "organism_019": 522.0,
    "organism_001": 500.0,
    "organism_008": 450.7999999999999,
    "organism_005": 446.5,
    "organism_009": 440.0,
    "organism_007": 380.0,
    "organism_006": 376.0
  },
  "rounds": 20
}