{
  "timestamp": "2026-04-03T05:01:54.022810",
  "participants": [
    "organism_005",
    "organism_020",
    "organism_010",
    "organism_009",
    "organism_001",
    "organism_002",
    "organism_015",
    "organism_018",
    "organism_012",
    "organism_003",
    "organism_006",
    "organism_013",
    "organism_008",
    "organism_017",
    "organism_019",
    "organism_011",
    "organism_014",
    "organism_004",
    "organism_007",
    "organism_016"
  ],
  "champion": "organism_016",
  "scores": {
    "organism_016": 1064.7,
    "organism_015": 991.1999999999997,
    "organism_017": 924.3000000000001,
    "organism_014": 899.0395000000002,
    "organism_012": 740.0,
    "organism_005": 658.0,
    "organism_020": 648.0,
    "organism_002": 648.0,
    "organism_019": 648.0,
    "organism_007": 620.0,
    "organism_011": 585.0,
    "organism_009": 560.0,
    "organism_010": 543.4,
    "organism_004": 522.0,
    "organism_013": 510.0,
    "organism_001": 440.0,
    "organism_003": 396.0,
    "organism_006": 376.0,
    "organism_008": 354.19999999999993,
    "organism_018": 260.0
  },
  "rounds": 20
}