{
  "timestamp": "2026-06-29T10:51:10.525560",
  "participants": [
    "organism_004",
    "organism_016",
    "organism_019",
    "organism_012",
    "organism_007",
    "organism_013",
    "organism_009",
    "organism_008",
    "organism_001",
    "organism_006",
    "organism_017",
    "organism_011",
    "organism_005",
    "organism_003",
    "organism_015",
    "organism_014",
    "organism_018",
    "organism_020",
    "organism_002",
    "organism_010"
  ],
  "champion": "organism_017",
  "scores": {
    "organism_017": 1023.8400000000001,
    "organism_016": 835.3799999999999,
    "organism_004": 711.0,
    "organism_019": 648.0,
    "organism_014": 590.4316,
    "organism_005": 587.5,
    "organism_002": 585.0,
    "organism_012": 562.3999999999999,
    "organism_007": 560.0,
    "organism_010": 543.3999999999999,
    "organism_020": 522.0,
    "organism_013": 510.0,
    "organism_009": 500.0,
    "organism_001": 500.0,
    "organism_018": 500.0,
    "organism_015": 460.20000000000016,
    "organism_011": 459.0,
    "organism_003": 459.0,
    "organism_006": 235.0,
    "organism_008": 161.0
  },
  "rounds": 20
}