{
  "timestamp": "2026-04-21T05:24:06.216686",
  "participants": [
    "organism_018",
    "organism_008",
    "organism_004",
    "organism_020",
    "organism_010",
    "organism_015",
    "organism_013",
    "organism_017",
    "organism_012",
    "organism_014",
    "organism_002",
    "organism_001",
    "organism_007",
    "organism_011",
    "organism_005",
    "organism_009",
    "organism_006",
    "organism_016",
    "organism_003",
    "organism_019"
  ],
  "champion": "organism_017",
  "scores": {
    "organism_017": 1023.84,
    "organism_012": 1006.4000000000003,
    "organism_014": 1001.9088000000003,
    "organism_015": 991.1999999999997,
    "organism_016": 950.0399999999998,
    "organism_013": 790.0,
    "organism_004": 774.0,
    "organism_006": 728.5,
    "organism_002": 711.0,
    "organism_011": 711.0,
    "organism_020": 648.0,
    "organism_003": 648.0,
    "organism_007": 620.0,
    "organism_018": 560.0,
    "organism_010": 543.3999999999999,
    "organism_005": 517.0,
    "organism_019": 459.0,
    "organism_008": 450.79999999999995,
    "organism_001": 440.0,
    "organism_009": 380.0
  },
  "rounds": 20
}