{
  "timestamp": "2026-05-09T05:45:55.094041",
  "participants": [
    "organism_018",
    "organism_008",
    "organism_004",
    "organism_020",
    "organism_010",
    "organism_015",
    "organism_013",
    "organism_017",
    "organism_012",
    "organism_014",
    "organism_002",
    "organism_001",
    "organism_007",
    "organism_011",
    "organism_005",
    "organism_009",
    "organism_006",
    "organism_016",
    "organism_003",
    "organism_019"
  ],
  "champion": "organism_016",
  "scores": {
    "organism_016": 1294.0200000000002,
    "organism_015": 991.1999999999997,
    "organism_017": 824.7600000000001,
    "organism_005": 799.0,
    "organism_004": 774.0,
    "organism_006": 728.5,
    "organism_003": 711.0,
    "organism_014": 693.3009000000002,
    "organism_012": 651.2,
    "organism_020": 648.0,
    "organism_011": 648.0,
    "organism_010": 543.3999999999999,
    "organism_002": 522.0,
    "organism_001": 500.0,
    "organism_007": 500.0,
    "organism_008": 499.09999999999985,
    "organism_013": 440.0,
    "organism_018": 380.0,
    "organism_009": 380.0,
    "organism_019": 333.0
  },
  "rounds": 20
}