{
  "timestamp": "2026-05-20T06:45:57.751613",
  "participants": [
    "organism_014",
    "organism_018",
    "organism_006",
    "organism_017",
    "organism_019",
    "organism_020",
    "organism_003",
    "organism_007",
    "organism_015",
    "organism_009",
    "organism_005",
    "organism_004",
    "organism_011",
    "organism_010",
    "organism_001",
    "organism_012",
    "organism_013",
    "organism_016",
    "organism_002",
    "organism_008"
  ],
  "champion": "organism_016",
  "scores": {
    "organism_016": 950.0399999999998,
    "organism_012": 917.6000000000001,
    "organism_017": 824.76,
    "organism_014": 796.1702000000002,
    "organism_013": 790.0,
    "organism_020": 711.0,
    "organism_015": 672.5999999999999,
    "organism_005": 658.0,
    "organism_003": 648.0,
    "organism_004": 585.0,
    "organism_002": 585.0,
    "organism_010": 543.3999999999999,
    "organism_019": 522.0,
    "organism_001": 500.0,
    "organism_008": 450.7999999999999,
    "organism_007": 440.0,
    "organism_009": 440.0,
    "organism_018": 380.0,
    "organism_006": 376.0,
    "organism_011": 333.0
  },
  "rounds": 20
}