{
  "timestamp": "2026-06-20T06:58:51.110613",
  "participants": [
    "organism_004",
    "organism_016",
    "organism_019",
    "organism_012",
    "organism_007",
    "organism_013",
    "organism_009",
    "organism_008",
    "organism_001",
    "organism_006",
    "organism_017",
    "organism_011",
    "organism_005",
    "organism_003",
    "organism_015",
    "organism_014",
    "organism_018",
    "organism_020",
    "organism_002",
    "organism_010"
  ],
  "champion": "organism_015",
  "scores": {
    "organism_015": 991.1999999999998,
    "organism_016": 950.0399999999998,
    "organism_017": 924.3000000000002,
    "organism_005": 658.0,
    "organism_007": 620.0,
    "organism_006": 587.5,
    "organism_013": 580.0,
    "organism_001": 560.0,
    "organism_010": 543.3999999999999,
    "organism_009": 500.0,
    "organism_018": 500.0,
    "organism_014": 487.5623000000002,
    "organism_012": 473.59999999999985,
    "organism_004": 459.0,
    "organism_011": 459.0,
    "organism_020": 459.0,
    "organism_002": 459.0,
    "organism_019": 396.0,
    "organism_008": 305.90000000000003,
    "organism_003": 270.0
  },
  "rounds": 20
}