{
  "timestamp": "2026-06-04T07:22:08.675035",
  "participants": [
    "organism_008",
    "organism_016",
    "organism_006",
    "organism_019",
    "organism_017",
    "organism_005",
    "organism_013",
    "organism_007",
    "organism_012",
    "organism_015",
    "organism_010",
    "organism_004",
    "organism_018",
    "organism_002",
    "organism_003",
    "organism_009",
    "organism_001",
    "organism_020",
    "organism_014",
    "organism_011"
  ],
  "champion": "organism_015",
  "scores": {
    "organism_015": 991.1999999999998,
    "organism_016": 950.0399999999998,
    "organism_013": 790.0,
    "organism_011": 774.0,
    "organism_012": 740.0000000000001,
    "organism_017": 725.22,
    "organism_002": 711.0,
    "organism_014": 693.3009000000002,
    "organism_009": 620.0,
    "organism_010": 617.4999999999998,
    "organism_005": 587.5,
    "organism_003": 585.0,
    "organism_020": 585.0,
    "organism_007": 560.0,
    "organism_018": 560.0,
    "organism_019": 522.0,
    "organism_006": 517.0,
    "organism_001": 500.0,
    "organism_008": 402.4999999999999,
    "organism_004": 396.0
  },
  "rounds": 20
}