{
  "timestamp": "2026-07-20T08:51:55.609821",
  "participants": [
    "organism_018",
    "organism_014",
    "organism_002",
    "organism_004",
    "organism_017",
    "organism_011",
    "organism_007",
    "organism_016",
    "organism_020",
    "organism_009",
    "organism_005",
    "organism_019",
    "organism_015",
    "organism_013",
    "organism_006",
    "organism_008",
    "organism_001",
    "organism_010",
    "organism_003",
    "organism_012"
  ],
  "champion": "organism_014",
  "scores": {
    "organism_014": 1207.6474000000003,
    "organism_015": 1203.5999999999997,
    "organism_016": 835.3799999999999,
    "organism_013": 790.0,
    "organism_004": 711.0,
    "organism_012": 651.2,
    "organism_020": 648.0,
    "organism_017": 625.6799999999998,
    "organism_007": 620.0,
    "organism_010": 617.4999999999997,
    "organism_006": 587.5,
    "organism_011": 585.0,
    "organism_019": 585.0,
    "organism_001": 560.0,
    "organism_003": 522.0,
    "organism_009": 500.0,
    "organism_002": 459.0,
    "organism_008": 450.7999999999999,
    "organism_018": 440.0,
    "organism_005": 376.0
  },
  "rounds": 20
}