{
  "timestamp": "2026-06-09T06:46:25.492144",
  "participants": [
    "organism_008",
    "organism_016",
    "organism_006",
    "organism_019",
    "organism_017",
    "organism_005",
    "organism_013",
    "organism_007",
    "organism_012",
    "organism_015",
    "organism_010",
    "organism_004",
    "organism_018",
    "organism_002",
    "organism_003",
    "organism_009",
    "organism_001",
    "organism_020",
    "organism_014",
    "organism_011"
  ],
  "champion": "organism_017",
  "scores": {
    "organism_017": 1123.3799999999999,
    "organism_016": 1064.6999999999998,
    "organism_015": 991.1999999999997,
    "organism_011": 900.0,
    "organism_014": 796.1702000000002,
    "organism_002": 774.0,
    "organism_012": 740.0000000000001,
    "organism_005": 728.5,
    "organism_013": 650.0,
    "organism_003": 648.0,
    "organism_007": 620.0,
    "organism_018": 620.0,
    "organism_010": 617.4999999999998,
    "organism_004": 585.0,
    "organism_019": 522.0,
    "organism_001": 500.0,
    "organism_006": 446.5,
    "organism_009": 440.0,
    "organism_020": 396.0,
    "organism_008": 257.59999999999997
  },
  "rounds": 20
}