{
  "timestamp": "2026-06-24T06:45:01.551150",
  "participants": [
    "organism_004",
    "organism_016",
    "organism_019",
    "organism_012",
    "organism_007",
    "organism_013",
    "organism_009",
    "organism_008",
    "organism_001",
    "organism_006",
    "organism_017",
    "organism_011",
    "organism_005",
    "organism_003",
    "organism_015",
    "organism_014",
    "organism_018",
    "organism_020",
    "organism_002",
    "organism_010"
  ],
  "champion": "organism_014",
  "scores": {
    "organism_014": 1104.7781000000002,
    "organism_015": 1097.3999999999996,
    "organism_016": 1064.7,
    "organism_017": 1023.8399999999999,
    "organism_013": 860.0,
    "organism_010": 839.7999999999997,
    "organism_004": 774.0,
    "organism_019": 774.0,
    "organism_006": 728.5,
    "organism_005": 728.5,
    "organism_012": 651.2,
    "organism_001": 620.0,
    "organism_009": 560.0,
    "organism_011": 522.0,
    "organism_003": 522.0,
    "organism_002": 522.0,
    "organism_008": 450.79999999999984,
    "organism_018": 440.0,
    "organism_020": 396.0,
    "organism_007": 200.0
  },
  "rounds": 20
}