{
  "timestamp": "2026-05-12T06:11:32.919186",
  "participants": [
    "organism_018",
    "organism_008",
    "organism_004",
    "organism_020",
    "organism_010",
    "organism_015",
    "organism_013",
    "organism_017",
    "organism_012",
    "organism_014",
    "organism_002",
    "organism_001",
    "organism_007",
    "organism_011",
    "organism_005",
    "organism_009",
    "organism_006",
    "organism_016",
    "organism_003",
    "organism_019"
  ],
  "champion": "organism_016",
  "scores": {
    "organism_016": 1294.0200000000002,
    "organism_015": 991.1999999999997,
    "organism_012": 740.0,
    "organism_011": 648.0,
    "organism_003": 648.0,
    "organism_017": 625.68,
    "organism_018": 620.0,
    "organism_001": 620.0,
    "organism_010": 617.4999999999999,
    "organism_006": 587.5,
    "organism_020": 585.0,
    "organism_019": 585.0,
    "organism_007": 560.0,
    "organism_009": 560.0,
    "organism_004": 522.0,
    "organism_002": 522.0,
    "organism_005": 517.0,
    "organism_013": 510.0,
    "organism_008": 499.0999999999999,
    "organism_014": 487.5623000000003
  },
  "rounds": 20
}