{
  "timestamp": "2026-03-23T05:00:19.541181",
  "participants": [
    "organism_018",
    "organism_003",
    "organism_005",
    "organism_008",
    "organism_007",
    "organism_004",
    "organism_006",
    "organism_015",
    "organism_019",
    "organism_010",
    "organism_002",
    "organism_014",
    "organism_013",
    "organism_011",
    "organism_001",
    "organism_009",
    "organism_012",
    "organism_016",
    "organism_020",
    "organism_017"
  ],
  "champion": "organism_016",
  "scores": {
    "organism_016": 1064.6999999999998,
    "organism_014": 899.0395000000001,
    "organism_015": 778.7999999999998,
    "organism_012": 740.0000000000001,
    "organism_017": 725.22,
    "organism_005": 658.0,
    "organism_013": 650.0,
    "organism_007": 620.0,
    "organism_003": 585.0,
    "organism_004": 585.0,
    "organism_011": 585.0,
    "organism_020": 585.0,
    "organism_019": 522.0,
    "organism_002": 522.0,
    "organism_018": 500.0,
    "organism_009": 500.0,
    "organism_008": 450.7999999999999,
    "organism_001": 440.0,
    "organism_010": 321.09999999999997,
    "organism_006": 235.0
  },
  "rounds": 20
}