{
  "timestamp": "2026-04-13T07:59:05.031539",
  "participants": [
    "organism_018",
    "organism_008",
    "organism_004",
    "organism_020",
    "organism_010",
    "organism_015",
    "organism_013",
    "organism_017",
    "organism_012",
    "organism_014",
    "organism_002",
    "organism_001",
    "organism_007",
    "organism_011",
    "organism_005",
    "organism_009",
    "organism_006",
    "organism_016",
    "organism_003",
    "organism_019"
  ],
  "champion": "organism_016",
  "scores": {
    "organism_016": 1179.36,
    "organism_014": 1001.9088,
    "organism_010": 913.8999999999996,
    "organism_015": 884.9999999999998,
    "organism_012": 740.0000000000001,
    "organism_020": 711.0,
    "organism_013": 650.0,
    "organism_019": 648.0,
    "organism_018": 620.0,
    "organism_004": 585.0,
    "organism_002": 585.0,
    "organism_011": 585.0,
    "organism_003": 585.0,
    "organism_017": 526.1399999999999,
    "organism_007": 440.0,
    "organism_005": 376.0,
    "organism_008": 354.1999999999999,
    "organism_001": 320.0,
    "organism_009": 320.0,
    "organism_006": 305.5
  },
  "rounds": 20
}