{
  "timestamp": "2026-03-23T07:06:18.788339",
  "participants": [
    "organism_018",
    "organism_003",
    "organism_005",
    "organism_008",
    "organism_007",
    "organism_004",
    "organism_006",
    "organism_015",
    "organism_019",
    "organism_010",
    "organism_002",
    "organism_014",
    "organism_013",
    "organism_011",
    "organism_001",
    "organism_009",
    "organism_012",
    "organism_016",
    "organism_020",
    "organism_017"
  ],
  "champion": "organism_017",
  "scores": {
    "organism_017": 1123.3799999999999,
    "organism_014": 1001.9088000000003,
    "organism_015": 991.1999999999997,
    "organism_016": 835.3799999999999,
    "organism_006": 799.0,
    "organism_013": 790.0,
    "organism_012": 740.0000000000001,
    "organism_011": 711.0,
    "organism_005": 658.0,
    "organism_002": 648.0,
    "organism_001": 620.0,
    "organism_009": 620.0,
    "organism_004": 522.0,
    "organism_019": 522.0,
    "organism_018": 500.0,
    "organism_008": 499.09999999999997,
    "organism_010": 469.29999999999995,
    "organism_003": 459.0,
    "organism_020": 396.0,
    "organism_007": 320.0
  },
  "rounds": 20
}