{
  "timestamp": "2026-05-04T08:26:09.099513",
  "participants": [
    "organism_018",
    "organism_008",
    "organism_004",
    "organism_020",
    "organism_010",
    "organism_015",
    "organism_013",
    "organism_017",
    "organism_012",
    "organism_014",
    "organism_002",
    "organism_001",
    "organism_007",
    "organism_011",
    "organism_005",
    "organism_009",
    "organism_006",
    "organism_016",
    "organism_003",
    "organism_019"
  ],
  "champion": "organism_017",
  "scores": {
    "organism_017": 924.3000000000001,
    "organism_015": 884.9999999999998,
    "organism_016": 835.3799999999999,
    "organism_005": 658.0,
    "organism_006": 658.0,
    "organism_014": 590.4316000000001,
    "organism_004": 585.0,
    "organism_011": 585.0,
    "organism_019": 585.0,
    "organism_001": 560.0,
    "organism_002": 522.0,
    "organism_007": 500.0,
    "organism_010": 469.29999999999995,
    "organism_013": 440.0,
    "organism_020": 396.0,
    "organism_003": 396.0,
    "organism_018": 380.0,
    "organism_008": 305.8999999999999,
    "organism_012": 295.9999999999997,
    "organism_009": 260.0
  },
  "rounds": 20
}