{
  "timestamp": "2026-05-17T06:19:40.564867",
  "participants": [
    "organism_014",
    "organism_018",
    "organism_006",
    "organism_017",
    "organism_019",
    "organism_020",
    "organism_003",
    "organism_007",
    "organism_015",
    "organism_009",
    "organism_005",
    "organism_004",
    "organism_011",
    "organism_010",
    "organism_001",
    "organism_012",
    "organism_013",
    "organism_016",
    "organism_002",
    "organism_008"
  ],
  "champion": "organism_017",
  "scores": {
    "organism_017": 1322.4599999999998,
    "organism_016": 1294.0200000000002,
    "organism_012": 917.6000000000003,
    "organism_014": 899.0395000000002,
    "organism_015": 884.9999999999999,
    "organism_005": 658.0,
    "organism_020": 648.0,
    "organism_004": 648.0,
    "organism_018": 620.0,
    "organism_001": 620.0,
    "organism_019": 585.0,
    "organism_002": 585.0,
    "organism_013": 580.0,
    "organism_010": 543.4,
    "organism_003": 522.0,
    "organism_011": 522.0,
    "organism_007": 500.0,
    "organism_006": 446.5,
    "organism_009": 440.0,
    "organism_008": 257.6000000000001
  },
  "rounds": 20
}