{
  "timestamp": "2026-06-15T11:57:48.341903",
  "participants": [
    "organism_004",
    "organism_016",
    "organism_019",
    "organism_012",
    "organism_007",
    "organism_013",
    "organism_009",
    "organism_008",
    "organism_001",
    "organism_006",
    "organism_017",
    "organism_011",
    "organism_005",
    "organism_003",
    "organism_015",
    "organism_014",
    "organism_018",
    "organism_020",
    "organism_002",
    "organism_010"
  ],
  "champion": "organism_016",
  "scores": {
    "organism_016": 1179.36,
    "organism_017": 924.3,
    "organism_015": 672.5999999999999,
    "organism_012": 651.2,
    "organism_013": 650.0,
    "organism_010": 543.3999999999999,
    "organism_005": 517.0,
    "organism_011": 459.0,
    "organism_003": 459.0,
    "organism_002": 459.0,
    "organism_007": 440.0,
    "organism_018": 440.0,
    "organism_019": 396.0,
    "organism_020": 396.0,
    "organism_006": 376.0,
    "organism_008": 354.19999999999993,
    "organism_004": 333.0,
    "organism_001": 320.0,
    "organism_014": 281.82370000000014,
    "organism_009": 200.0
  },
  "rounds": 20
}