{
  "timestamp": "2026-05-15T06:31:29.452372",
  "participants": [
    "organism_014",
    "organism_018",
    "organism_006",
    "organism_017",
    "organism_019",
    "organism_020",
    "organism_003",
    "organism_007",
    "organism_015",
    "organism_009",
    "organism_005",
    "organism_004",
    "organism_011",
    "organism_010",
    "organism_001",
    "organism_012",
    "organism_013",
    "organism_016",
    "organism_002",
    "organism_008"
  ],
  "champion": "organism_016",
  "scores": {
    "organism_016": 1523.3400000000004,
    "organism_014": 1104.7781,
    "organism_012": 1006.4000000000003,
    "organism_015": 991.1999999999997,
    "organism_019": 837.0,
    "organism_017": 824.76,
    "organism_006": 799.0,
    "organism_020": 774.0,
    "organism_004": 711.0,
    "organism_007": 680.0,
    "organism_001": 680.0,
    "organism_013": 650.0,
    "organism_011": 648.0,
    "organism_009": 560.0,
    "organism_010": 543.3999999999999,
    "organism_003": 522.0,
    "organism_018": 500.0,
    "organism_002": 459.0,
    "organism_005": 446.5,
    "organism_008": 305.9
  },
  "rounds": 20
}