{
  "timestamp": "2026-04-16T05:27:41.390909",
  "participants": [
    "organism_018",
    "organism_008",
    "organism_004",
    "organism_020",
    "organism_010",
    "organism_015",
    "organism_013",
    "organism_017",
    "organism_012",
    "organism_014",
    "organism_002",
    "organism_001",
    "organism_007",
    "organism_011",
    "organism_005",
    "organism_009",
    "organism_006",
    "organism_016",
    "organism_003",
    "organism_019"
  ],
  "champion": "organism_015",
  "scores": {
    "organism_015": 991.1999999999997,
    "organism_014": 899.0395000000002,
    "organism_017": 824.76,
    "organism_016": 720.72,
    "organism_012": 651.1999999999999,
    "organism_019": 648.0,
    "organism_007": 620.0,
    "organism_010": 617.4999999999998,
    "organism_006": 587.5,
    "organism_004": 585.0,
    "organism_009": 560.0,
    "organism_002": 522.0,
    "organism_003": 522.0,
    "organism_005": 517.0,
    "organism_001": 440.0,
    "organism_011": 396.0,
    "organism_018": 380.0,
    "organism_013": 370.0,
    "organism_008": 354.1999999999998,
    "organism_020": 333.0
  },
  "rounds": 20
}