{
  "timestamp": "2026-03-21T04:25:03.316561",
  "participants": [
    "organism_003",
    "organism_005",
    "organism_008",
    "organism_007",
    "organism_004",
    "organism_006",
    "organism_010",
    "organism_002",
    "organism_013",
    "organism_011",
    "organism_001",
    "organism_009",
    "organism_012"
  ],
  "champion": "organism_005",
  "scores": {
    "organism_005": 728.5,
    "organism_010": 691.5999999999998,
    "organism_004": 648.0,
    "organism_006": 587.5,
    "organism_003": 585.0,
    "organism_012": 562.3999999999999,
    "organism_008": 547.4,
    "organism_002": 522.0,
    "organism_007": 500.0,
    "organism_001": 500.0,
    "organism_011": 459.0,
    "organism_013": 440.0,
    "organism_009": 440.0
  },
  "rounds": 20
}