{
  "timestamp": "2026-07-12T05:53:19.232783",
  "participants": [
    "organism_004",
    "organism_016",
    "organism_019",
    "organism_012",
    "organism_007",
    "organism_013",
    "organism_009",
    "organism_008",
    "organism_001",
    "organism_006",
    "organism_017",
    "organism_011",
    "organism_005",
    "organism_003",
    "organism_015",
    "organism_014",
    "organism_018",
    "organism_020",
    "organism_002",
    "organism_010"
  ],
  "champion": "organism_016",
  "scores": {
    "organism_016": 950.0399999999998,
    "organism_014": 899.0395000000002,
    "organism_015": 884.9999999999998,
    "organism_017": 824.7600000000001,
    "organism_009": 620.0,
    "organism_019": 585.0,
    "organism_003": 585.0,
    "organism_011": 522.0,
    "organism_005": 517.0,
    "organism_007": 500.0,
    "organism_004": 459.0,
    "organism_020": 459.0,
    "organism_006": 446.5,
    "organism_013": 440.0,
    "organism_018": 440.0,
    "organism_002": 396.0,
    "organism_012": 384.8,
    "organism_010": 321.1,
    "organism_001": 320.0,
    "organism_008": 305.8999999999999
  },
  "rounds": 20
}