{
  "timestamp": "2026-04-06T07:26:12.229157",
  "participants": [
    "organism_005",
    "organism_020",
    "organism_010",
    "organism_009",
    "organism_001",
    "organism_002",
    "organism_015",
    "organism_018",
    "organism_012",
    "organism_003",
    "organism_006",
    "organism_013",
    "organism_008",
    "organism_017",
    "organism_019",
    "organism_011",
    "organism_014",
    "organism_004",
    "organism_007",
    "organism_016"
  ],
  "champion": "organism_014",
  "scores": {
    "organism_014": 1207.6474,
    "organism_016": 1064.7,
    "organism_015": 778.8,
    "organism_019": 711.0,
    "organism_012": 651.2,
    "organism_020": 648.0,
    "organism_017": 625.68,
    "organism_006": 587.5,
    "organism_011": 585.0,
    "organism_004": 585.0,
    "organism_013": 580.0,
    "organism_010": 543.3999999999999,
    "organism_001": 500.0,
    "organism_005": 446.5,
    "organism_018": 440.0,
    "organism_008": 402.4999999999999,
    "organism_002": 396.0,
    "organism_003": 396.0,
    "organism_009": 380.0,
    "organism_007": 380.0
  },
  "rounds": 20
}