{
  "timestamp": "2026-03-25T04:51:22.862094",
  "participants": [
    "organism_018",
    "organism_003",
    "organism_005",
    "organism_008",
    "organism_007",
    "organism_004",
    "organism_006",
    "organism_015",
    "organism_019",
    "organism_010",
    "organism_002",
    "organism_014",
    "organism_013",
    "organism_011",
    "organism_001",
    "organism_009",
    "organism_012",
    "organism_016",
    "organism_020",
    "organism_017"
  ],
  "champion": "organism_015",
  "scores": {
    "organism_015": 1203.5999999999997,
    "organism_012": 1184.0000000000005,
    "organism_014": 1001.9088000000002,
    "organism_016": 835.3799999999999,
    "organism_013": 720.0,
    "organism_010": 691.5999999999998,
    "organism_003": 648.0,
    "organism_004": 648.0,
    "organism_019": 648.0,
    "organism_017": 625.68,
    "organism_018": 620.0,
    "organism_007": 560.0,
    "organism_001": 560.0,
    "organism_009": 560.0,
    "organism_006": 517.0,
    "organism_002": 459.0,
    "organism_005": 446.5,
    "organism_011": 396.0,
    "organism_020": 396.0,
    "organism_008": 305.8999999999999
  },
  "rounds": 20
}