{
  "timestamp": "2026-05-07T05:58:40.391763",
  "participants": [
    "organism_018",
    "organism_008",
    "organism_004",
    "organism_020",
    "organism_010",
    "organism_015",
    "organism_013",
    "organism_017",
    "organism_012",
    "organism_014",
    "organism_002",
    "organism_001",
    "organism_007",
    "organism_011",
    "organism_005",
    "organism_009",
    "organism_006",
    "organism_016",
    "organism_003",
    "organism_019"
  ],
  "champion": "organism_017",
  "scores": {
    "organism_017": 1322.4599999999998,
    "organism_016": 835.3799999999999,
    "organism_012": 828.8000000000002,
    "organism_013": 720.0,
    "organism_003": 711.0,
    "organism_014": 693.3008999999998,
    "organism_015": 672.6,
    "organism_020": 648.0,
    "organism_011": 585.0,
    "organism_010": 543.4,
    "organism_006": 517.0,
    "organism_009": 500.0,
    "organism_004": 459.0,
    "organism_002": 459.0,
    "organism_005": 446.5,
    "organism_018": 440.0,
    "organism_001": 380.0,
    "organism_019": 333.0,
    "organism_007": 260.0,
    "organism_008": 257.59999999999997
  },
  "rounds": 20
}