{
  "timestamp": "2026-05-02T05:33:44.521316",
  "participants": [
    "organism_018",
    "organism_008",
    "organism_004",
    "organism_020",
    "organism_010",
    "organism_015",
    "organism_013",
    "organism_017",
    "organism_012",
    "organism_014",
    "organism_002",
    "organism_001",
    "organism_007",
    "organism_011",
    "organism_005",
    "organism_009",
    "organism_006",
    "organism_016",
    "organism_003",
    "organism_019"
  ],
  "champion": "organism_016",
  "scores": {
    "organism_016": 950.0399999999998,
    "organism_012": 740.0000000000001,
    "organism_013": 720.0,
    "organism_015": 672.5999999999999,
    "organism_003": 648.0,
    "organism_014": 590.4316000000001,
    "organism_005": 587.5,
    "organism_004": 585.0,
    "organism_002": 585.0,
    "organism_010": 543.4,
    "organism_017": 526.14,
    "organism_020": 522.0,
    "organism_001": 500.0,
    "organism_008": 499.0999999999998,
    "organism_019": 459.0,
    "organism_006": 446.5,
    "organism_009": 380.0,
    "organism_011": 333.0,
    "organism_007": 320.0,
    "organism_018": 260.0
  },
  "rounds": 20
}