{
  "timestamp": "2026-07-09T06:39:37.554767",
  "participants": [
    "organism_004",
    "organism_016",
    "organism_019",
    "organism_012",
    "organism_007",
    "organism_013",
    "organism_009",
    "organism_008",
    "organism_001",
    "organism_006",
    "organism_017",
    "organism_011",
    "organism_005",
    "organism_003",
    "organism_015",
    "organism_014",
    "organism_018",
    "organism_020",
    "organism_002",
    "organism_010"
  ],
  "champion": "organism_016",
  "scores": {
    "organism_016": 1064.7,
    "organism_015": 884.9999999999999,
    "organism_017": 824.76,
    "organism_002": 774.0,
    "organism_012": 740.0000000000001,
    "organism_006": 728.5,
    "organism_013": 720.0,
    "organism_004": 711.0,
    "organism_019": 711.0,
    "organism_011": 711.0,
    "organism_020": 711.0,
    "organism_010": 691.5999999999997,
    "organism_008": 644.0000000000001,
    "organism_009": 620.0,
    "organism_014": 590.4316000000001,
    "organism_001": 500.0,
    "organism_003": 396.0,
    "organism_018": 380.0,
    "organism_005": 376.0,
    "organism_007": 320.0
  },
  "rounds": 20
}