{
  "timestamp": "2026-05-19T06:45:11.935523",
  "participants": [
    "organism_014",
    "organism_018",
    "organism_006",
    "organism_017",
    "organism_019",
    "organism_020",
    "organism_003",
    "organism_007",
    "organism_015",
    "organism_009",
    "organism_005",
    "organism_004",
    "organism_011",
    "organism_010",
    "organism_001",
    "organism_012",
    "organism_013",
    "organism_016",
    "organism_002",
    "organism_008"
  ],
  "champion": "organism_015",
  "scores": {
    "organism_015": 1097.3999999999996,
    "organism_016": 1064.6999999999998,
    "organism_017": 1023.84,
    "organism_014": 1001.9088000000002,
    "organism_012": 740.0000000000001,
    "organism_013": 720.0,
    "organism_006": 658.0,
    "organism_020": 648.0,
    "organism_011": 648.0,
    "organism_007": 620.0,
    "organism_005": 587.5,
    "organism_019": 585.0,
    "organism_004": 585.0,
    "organism_002": 585.0,
    "organism_018": 560.0,
    "organism_001": 560.0,
    "organism_010": 469.29999999999995,
    "organism_009": 440.0,
    "organism_003": 396.0,
    "organism_008": 354.1999999999998
  },
  "rounds": 20
}