{
  "timestamp": "2026-06-19T08:29:11.194305",
  "participants": [
    "organism_004",
    "organism_016",
    "organism_019",
    "organism_012",
    "organism_007",
    "organism_013",
    "organism_009",
    "organism_008",
    "organism_001",
    "organism_006",
    "organism_017",
    "organism_011",
    "organism_005",
    "organism_003",
    "organism_015",
    "organism_014",
    "organism_018",
    "organism_020",
    "organism_002",
    "organism_010"
  ],
  "champion": "organism_015",
  "scores": {
    "organism_015": 1203.5999999999997,
    "organism_012": 1184.0000000000005,
    "organism_016": 1179.36,
    "organism_017": 1023.8399999999999,
    "organism_014": 1001.9088000000002,
    "organism_005": 799.0,
    "organism_013": 790.0,
    "organism_010": 691.5999999999999,
    "organism_001": 680.0,
    "organism_006": 658.0,
    "organism_004": 648.0,
    "organism_003": 648.0,
    "organism_002": 648.0,
    "organism_007": 620.0,
    "organism_011": 585.0,
    "organism_009": 560.0,
    "organism_019": 522.0,
    "organism_008": 450.79999999999984,
    "organism_020": 396.0,
    "organism_018": 380.0
  },
  "rounds": 20
}