{
  "timestamp": "2026-05-22T06:46:53.025983",
  "participants": [
    "organism_014",
    "organism_018",
    "organism_006",
    "organism_017",
    "organism_019",
    "organism_020",
    "organism_003",
    "organism_007",
    "organism_015",
    "organism_009",
    "organism_005",
    "organism_004",
    "organism_011",
    "organism_010",
    "organism_001",
    "organism_012",
    "organism_013",
    "organism_016",
    "organism_002",
    "organism_008"
  ],
  "champion": "organism_016",
  "scores": {
    "organism_016": 1064.6999999999998,
    "organism_012": 917.6000000000003,
    "organism_014": 899.0395000000002,
    "organism_015": 884.9999999999999,
    "organism_017": 725.22,
    "organism_013": 720.0,
    "organism_004": 711.0,
    "organism_005": 658.0,
    "organism_003": 648.0,
    "organism_011": 648.0,
    "organism_006": 587.5,
    "organism_018": 560.0,
    "organism_009": 560.0,
    "organism_020": 522.0,
    "organism_019": 459.0,
    "organism_002": 459.0,
    "organism_007": 440.0,
    "organism_001": 440.0,
    "organism_008": 402.49999999999983,
    "organism_010": 395.19999999999993
  },
  "rounds": 20
}