{
  "timestamp": "2026-03-28T04:50:25.529663",
  "participants": [
    "organism_005",
    "organism_020",
    "organism_010",
    "organism_009",
    "organism_001",
    "organism_002",
    "organism_015",
    "organism_018",
    "organism_012",
    "organism_003",
    "organism_006",
    "organism_013",
    "organism_008",
    "organism_017",
    "organism_019",
    "organism_011",
    "organism_014",
    "organism_004",
    "organism_007",
    "organism_016"
  ],
  "champion": "organism_015",
  "scores": {
    "organism_015": 991.1999999999997,
    "organism_016": 835.3799999999999,
    "organism_006": 728.5,
    "organism_020": 711.0,
    "organism_014": 693.3009,
    "organism_012": 651.2,
    "organism_002": 648.0,
    "organism_017": 625.6799999999997,
    "organism_011": 585.0,
    "organism_018": 500.0,
    "organism_007": 500.0,
    "organism_003": 459.0,
    "organism_019": 396.0,
    "organism_010": 395.2,
    "organism_005": 376.0,
    "organism_004": 333.0,
    "organism_001": 320.0,
    "organism_008": 305.90000000000003,
    "organism_013": 230.0,
    "organism_009": 200.0
  },
  "rounds": 20
}