{
  "timestamp": "2026-06-26T06:52:44.268666",
  "participants": [
    "organism_004",
    "organism_016",
    "organism_019",
    "organism_012",
    "organism_007",
    "organism_013",
    "organism_009",
    "organism_008",
    "organism_001",
    "organism_006",
    "organism_017",
    "organism_011",
    "organism_005",
    "organism_003",
    "organism_015",
    "organism_014",
    "organism_018",
    "organism_020",
    "organism_002",
    "organism_010"
  ],
  "champion": "organism_015",
  "scores": {
    "organism_015": 1097.3999999999996,
    "organism_016": 1064.6999999999998,
    "organism_017": 924.3000000000001,
    "organism_002": 774.0,
    "organism_012": 740.0000000000001,
    "organism_006": 728.5,
    "organism_013": 720.0,
    "organism_014": 693.3009000000001,
    "organism_004": 648.0,
    "organism_019": 648.0,
    "organism_018": 620.0,
    "organism_005": 587.5,
    "organism_011": 585.0,
    "organism_003": 585.0,
    "organism_020": 585.0,
    "organism_009": 560.0,
    "organism_007": 500.0,
    "organism_008": 450.7999999999999,
    "organism_010": 395.2,
    "organism_001": 380.0
  },
  "rounds": 20
}