{
  "timestamp": "2026-05-18T09:56:50.101640",
  "participants": [
    "organism_014",
    "organism_018",
    "organism_006",
    "organism_017",
    "organism_019",
    "organism_020",
    "organism_003",
    "organism_007",
    "organism_015",
    "organism_009",
    "organism_005",
    "organism_004",
    "organism_011",
    "organism_010",
    "organism_001",
    "organism_012",
    "organism_013",
    "organism_016",
    "organism_002",
    "organism_008"
  ],
  "champion": "organism_015",
  "scores": {
    "organism_015": 1203.5999999999995,
    "organism_014": 1001.9088000000003,
    "organism_010": 839.7999999999997,
    "organism_016": 835.3799999999999,
    "organism_012": 828.8000000000002,
    "organism_017": 725.22,
    "organism_013": 720.0,
    "organism_004": 711.0,
    "organism_020": 648.0,
    "organism_011": 648.0,
    "organism_002": 648.0,
    "organism_005": 587.5,
    "organism_019": 585.0,
    "organism_003": 585.0,
    "organism_009": 500.0,
    "organism_018": 440.0,
    "organism_007": 440.0,
    "organism_001": 440.0,
    "organism_008": 402.49999999999994,
    "organism_006": 376.0
  },
  "rounds": 20
}