{
  "timestamp": "2026-07-23T05:50:09.364700",
  "participants": [
    "organism_018",
    "organism_014",
    "organism_002",
    "organism_004",
    "organism_017",
    "organism_011",
    "organism_007",
    "organism_016",
    "organism_020",
    "organism_009",
    "organism_005",
    "organism_019",
    "organism_015",
    "organism_013",
    "organism_006",
    "organism_008",
    "organism_001",
    "organism_010",
    "organism_003",
    "organism_012"
  ],
  "champion": "organism_016",
  "scores": {
    "organism_016": 1294.0200000000002,
    "organism_015": 884.9999999999999,
    "organism_014": 796.1702,
    "organism_019": 774.0,
    "organism_006": 728.5,
    "organism_017": 725.22,
    "organism_011": 711.0,
    "organism_012": 651.2,
    "organism_013": 650.0,
    "organism_002": 585.0,
    "organism_001": 560.0,
    "organism_010": 543.3999999999999,
    "organism_009": 500.0,
    "organism_020": 459.0,
    "organism_003": 459.0,
    "organism_018": 440.0,
    "organism_007": 440.0,
    "organism_008": 402.4999999999998,
    "organism_004": 396.0,
    "organism_005": 376.0
  },
  "rounds": 20
}