{
  "timestamp": "2026-04-19T05:25:40.514419",
  "participants": [
    "organism_018",
    "organism_008",
    "organism_004",
    "organism_020",
    "organism_010",
    "organism_015",
    "organism_013",
    "organism_017",
    "organism_012",
    "organism_014",
    "organism_002",
    "organism_001",
    "organism_007",
    "organism_011",
    "organism_005",
    "organism_009",
    "organism_006",
    "organism_016",
    "organism_003",
    "organism_019"
  ],
  "champion": "organism_014",
  "scores": {
    "organism_014": 1104.7781,
    "organism_013": 790.0,
    "organism_015": 778.8000000000001,
    "organism_012": 740.0000000000001,
    "organism_010": 691.5999999999998,
    "organism_016": 606.06,
    "organism_011": 585.0,
    "organism_017": 526.14,
    "organism_004": 522.0,
    "organism_020": 522.0,
    "organism_002": 522.0,
    "organism_006": 517.0,
    "organism_007": 440.0,
    "organism_009": 440.0,
    "organism_008": 402.49999999999994,
    "organism_005": 376.0,
    "organism_003": 333.0,
    "organism_019": 333.0,
    "organism_001": 320.0,
    "organism_018": 200.0
  },
  "rounds": 20
}