{
  "timestamp": "2026-06-01T11:26:39.109002",
  "participants": [
    "organism_008",
    "organism_016",
    "organism_006",
    "organism_019",
    "organism_017",
    "organism_005",
    "organism_013",
    "organism_007",
    "organism_012",
    "organism_015",
    "organism_010",
    "organism_004",
    "organism_018",
    "organism_002",
    "organism_003",
    "organism_009",
    "organism_001",
    "organism_020",
    "organism_014",
    "organism_011"
  ],
  "champion": "organism_012",
  "scores": {
    "organism_012": 1006.4000000000003,
    "organism_016": 950.0399999999998,
    "organism_017": 924.3000000000001,
    "organism_005": 728.5,
    "organism_003": 648.0,
    "organism_020": 648.0,
    "organism_006": 587.5,
    "organism_019": 585.0,
    "organism_002": 585.0,
    "organism_018": 560.0,
    "organism_011": 522.0,
    "organism_014": 487.5623000000002,
    "organism_010": 469.2999999999999,
    "organism_004": 459.0,
    "organism_007": 440.0,
    "organism_009": 380.0,
    "organism_001": 380.0,
    "organism_008": 354.19999999999993,
    "organism_015": 354.0,
    "organism_013": 300.0
  },
  "rounds": 20
}