{
  "timestamp": "2026-07-10T06:40:55.584631",
  "participants": [
    "organism_004",
    "organism_016",
    "organism_019",
    "organism_012",
    "organism_007",
    "organism_013",
    "organism_009",
    "organism_008",
    "organism_001",
    "organism_006",
    "organism_017",
    "organism_011",
    "organism_005",
    "organism_003",
    "organism_015",
    "organism_014",
    "organism_018",
    "organism_020",
    "organism_002",
    "organism_010"
  ],
  "champion": "organism_014",
  "scores": {
    "organism_014": 1207.6474000000003,
    "organism_016": 1064.6999999999998,
    "organism_017": 924.3000000000001,
    "organism_003": 837.0,
    "organism_015": 778.7999999999998,
    "organism_004": 711.0,
    "organism_006": 658.0,
    "organism_012": 651.1999999999999,
    "organism_005": 587.5,
    "organism_013": 580.0,
    "organism_010": 543.3999999999999,
    "organism_011": 459.0,
    "organism_020": 459.0,
    "organism_002": 459.0,
    "organism_008": 450.7999999999999,
    "organism_018": 440.0,
    "organism_019": 396.0,
    "organism_007": 380.0,
    "organism_009": 380.0,
    "organism_001": 320.0
  },
  "rounds": 20
}