{
  "timestamp": "2026-04-22T05:22:16.276773",
  "participants": [
    "organism_018",
    "organism_008",
    "organism_004",
    "organism_020",
    "organism_010",
    "organism_015",
    "organism_013",
    "organism_017",
    "organism_012",
    "organism_014",
    "organism_002",
    "organism_001",
    "organism_007",
    "organism_011",
    "organism_005",
    "organism_009",
    "organism_006",
    "organism_016",
    "organism_003",
    "organism_019"
  ],
  "champion": "organism_016",
  "scores": {
    "organism_016": 1294.0200000000002,
    "organism_017": 1123.38,
    "organism_014": 1001.9088000000002,
    "organism_015": 991.1999999999997,
    "organism_013": 860.0,
    "organism_010": 765.6999999999997,
    "organism_006": 728.5,
    "organism_002": 711.0,
    "organism_011": 711.0,
    "organism_012": 651.2,
    "organism_004": 648.0,
    "organism_019": 648.0,
    "organism_018": 620.0,
    "organism_001": 560.0,
    "organism_007": 560.0,
    "organism_009": 560.0,
    "organism_020": 522.0,
    "organism_003": 459.0,
    "organism_005": 376.0,
    "organism_008": 354.2
  },
  "rounds": 20
}