{
  "timestamp": "2026-07-11T05:36:10.056796",
  "participants": [
    "organism_004",
    "organism_016",
    "organism_019",
    "organism_012",
    "organism_007",
    "organism_013",
    "organism_009",
    "organism_008",
    "organism_001",
    "organism_006",
    "organism_017",
    "organism_011",
    "organism_005",
    "organism_003",
    "organism_015",
    "organism_014",
    "organism_018",
    "organism_020",
    "organism_002",
    "organism_010"
  ],
  "champion": "organism_016",
  "scores": {
    "organism_016": 1064.6999999999998,
    "organism_017": 924.3000000000001,
    "organism_013": 860.0,
    "organism_005": 799.0,
    "organism_014": 796.1702000000002,
    "organism_006": 658.0,
    "organism_015": 566.4000000000001,
    "organism_012": 562.3999999999999,
    "organism_009": 560.0,
    "organism_004": 522.0,
    "organism_002": 522.0,
    "organism_010": 469.2999999999999,
    "organism_019": 459.0,
    "organism_001": 440.0,
    "organism_018": 440.0,
    "organism_011": 396.0,
    "organism_020": 396.0,
    "organism_007": 380.0,
    "organism_003": 270.0,
    "organism_008": 257.6
  },
  "rounds": 20
}