{
  "timestamp": "2026-04-27T05:50:41.157953",
  "participants": [
    "organism_018",
    "organism_008",
    "organism_004",
    "organism_020",
    "organism_010",
    "organism_015",
    "organism_013",
    "organism_017",
    "organism_012",
    "organism_014",
    "organism_002",
    "organism_001",
    "organism_007",
    "organism_011",
    "organism_005",
    "organism_009",
    "organism_006",
    "organism_016",
    "organism_003",
    "organism_019"
  ],
  "champion": "organism_015",
  "scores": {
    "organism_015": 1097.3999999999996,
    "organism_017": 1023.84,
    "organism_012": 917.6000000000003,
    "organism_016": 835.38,
    "organism_010": 765.6999999999998,
    "organism_014": 693.3009000000001,
    "organism_005": 658.0,
    "organism_006": 658.0,
    "organism_020": 585.0,
    "organism_002": 585.0,
    "organism_013": 580.0,
    "organism_018": 560.0,
    "organism_001": 560.0,
    "organism_004": 522.0,
    "organism_003": 522.0,
    "organism_007": 500.0,
    "organism_009": 500.0,
    "organism_019": 396.0,
    "organism_008": 354.19999999999993,
    "organism_011": 333.0
  },
  "rounds": 20
}