{
  "timestamp": "2026-07-02T06:38:21.689476",
  "participants": [
    "organism_004",
    "organism_016",
    "organism_019",
    "organism_012",
    "organism_007",
    "organism_013",
    "organism_009",
    "organism_008",
    "organism_001",
    "organism_006",
    "organism_017",
    "organism_011",
    "organism_005",
    "organism_003",
    "organism_015",
    "organism_014",
    "organism_018",
    "organism_020",
    "organism_002",
    "organism_010"
  ],
  "champion": "organism_017",
  "scores": {
    "organism_017": 1023.84,
    "organism_012": 917.6000000000003,
    "organism_016": 835.3799999999999,
    "organism_015": 778.7999999999998,
    "organism_006": 728.5,
    "organism_004": 711.0,
    "organism_005": 658.0,
    "organism_014": 590.4316000000001,
    "organism_011": 585.0,
    "organism_020": 585.0,
    "organism_013": 580.0,
    "organism_001": 560.0,
    "organism_003": 522.0,
    "organism_009": 500.0,
    "organism_010": 469.29999999999995,
    "organism_002": 459.0,
    "organism_008": 450.79999999999984,
    "organism_007": 440.0,
    "organism_018": 440.0,
    "organism_019": 396.0
  },
  "rounds": 20
}