{
  "timestamp": "2026-04-01T05:21:23.385604",
  "participants": [
    "organism_005",
    "organism_020",
    "organism_010",
    "organism_009",
    "organism_001",
    "organism_002",
    "organism_015",
    "organism_018",
    "organism_012",
    "organism_003",
    "organism_006",
    "organism_013",
    "organism_008",
    "organism_017",
    "organism_019",
    "organism_011",
    "organism_014",
    "organism_004",
    "organism_007",
    "organism_016"
  ],
  "champion": "organism_016",
  "scores": {
    "organism_016": 1294.0200000000002,
    "organism_015": 991.1999999999997,
    "organism_017": 924.3000000000001,
    "organism_014": 693.3009000000002,
    "organism_020": 648.0,
    "organism_019": 648.0,
    "organism_002": 585.0,
    "organism_018": 560.0,
    "organism_003": 522.0,
    "organism_006": 517.0,
    "organism_013": 510.0,
    "organism_009": 500.0,
    "organism_007": 500.0,
    "organism_012": 384.8,
    "organism_001": 380.0,
    "organism_005": 376.0,
    "organism_011": 333.0,
    "organism_010": 321.1,
    "organism_008": 209.30000000000004,
    "organism_004": 207.0
  },
  "rounds": 20
}