{
  "timestamp": "2026-04-17T05:24:46.234428",
  "participants": [
    "organism_018",
    "organism_008",
    "organism_004",
    "organism_020",
    "organism_010",
    "organism_015",
    "organism_013",
    "organism_017",
    "organism_012",
    "organism_014",
    "organism_002",
    "organism_001",
    "organism_007",
    "organism_011",
    "organism_005",
    "organism_009",
    "organism_006",
    "organism_016",
    "organism_003",
    "organism_019"
  ],
  "champion": "organism_017",
  "scores": {
    "organism_017": 1023.84,
    "organism_014": 899.0395000000001,
    "organism_016": 835.3799999999999,
    "organism_015": 778.8,
    "organism_020": 711.0,
    "organism_002": 711.0,
    "organism_013": 650.0,
    "organism_003": 648.0,
    "organism_009": 620.0,
    "organism_001": 560.0,
    "organism_011": 522.0,
    "organism_019": 522.0,
    "organism_007": 500.0,
    "organism_012": 473.5999999999998,
    "organism_004": 459.0,
    "organism_008": 450.7999999999999,
    "organism_010": 395.19999999999993,
    "organism_005": 376.0,
    "organism_006": 376.0,
    "organism_018": 320.0
  },
  "rounds": 20
}