{
  "timestamp": "2026-06-28T07:00:03.931362",
  "participants": [
    "organism_004",
    "organism_016",
    "organism_019",
    "organism_012",
    "organism_007",
    "organism_013",
    "organism_009",
    "organism_008",
    "organism_001",
    "organism_006",
    "organism_017",
    "organism_011",
    "organism_005",
    "organism_003",
    "organism_015",
    "organism_014",
    "organism_018",
    "organism_020",
    "organism_002",
    "organism_010"
  ],
  "champion": "organism_016",
  "scores": {
    "organism_016": 950.0399999999998,
    "organism_012": 917.6000000000003,
    "organism_014": 796.1702000000001,
    "organism_010": 765.6999999999997,
    "organism_005": 728.5,
    "organism_004": 648.0,
    "organism_017": 625.68,
    "organism_019": 585.0,
    "organism_003": 585.0,
    "organism_002": 585.0,
    "organism_013": 580.0,
    "organism_007": 560.0,
    "organism_020": 522.0,
    "organism_006": 517.0,
    "organism_015": 460.2000000000002,
    "organism_008": 402.4999999999998,
    "organism_011": 396.0,
    "organism_009": 380.0,
    "organism_001": 380.0,
    "organism_018": 380.0
  },
  "rounds": 20
}