{
  "timestamp": "2026-04-26T05:35:56.588198",
  "participants": [
    "organism_018",
    "organism_008",
    "organism_004",
    "organism_020",
    "organism_010",
    "organism_015",
    "organism_013",
    "organism_017",
    "organism_012",
    "organism_014",
    "organism_002",
    "organism_001",
    "organism_007",
    "organism_011",
    "organism_005",
    "organism_009",
    "organism_006",
    "organism_016",
    "organism_003",
    "organism_019"
  ],
  "champion": "organism_016",
  "scores": {
    "organism_016": 1064.6999999999998,
    "organism_014": 1001.9088000000003,
    "organism_017": 824.7600000000001,
    "organism_004": 774.0,
    "organism_002": 711.0,
    "organism_015": 672.5999999999999,
    "organism_011": 648.0,
    "organism_003": 648.0,
    "organism_013": 580.0,
    "organism_018": 560.0,
    "organism_007": 560.0,
    "organism_005": 517.0,
    "organism_006": 517.0,
    "organism_001": 500.0,
    "organism_010": 469.29999999999995,
    "organism_020": 459.0,
    "organism_012": 384.7999999999999,
    "organism_009": 380.0,
    "organism_019": 333.0,
    "organism_008": 305.9
  },
  "rounds": 20
}