{
  "timestamp": "2026-05-21T06:51:32.972915",
  "participants": [
    "organism_014",
    "organism_018",
    "organism_006",
    "organism_017",
    "organism_019",
    "organism_020",
    "organism_003",
    "organism_007",
    "organism_015",
    "organism_009",
    "organism_005",
    "organism_004",
    "organism_011",
    "organism_010",
    "organism_001",
    "organism_012",
    "organism_013",
    "organism_016",
    "organism_002",
    "organism_008"
  ],
  "champion": "organism_015",
  "scores": {
    "organism_015": 1097.3999999999996,
    "organism_016": 835.3799999999999,
    "organism_017": 824.7600000000001,
    "organism_014": 796.1702000000001,
    "organism_011": 774.0,
    "organism_010": 765.6999999999998,
    "organism_012": 740.0000000000001,
    "organism_006": 728.5,
    "organism_019": 585.0,
    "organism_020": 585.0,
    "organism_002": 585.0,
    "organism_013": 580.0,
    "organism_003": 522.0,
    "organism_004": 522.0,
    "organism_018": 500.0,
    "organism_007": 440.0,
    "organism_005": 376.0,
    "organism_001": 320.0,
    "organism_008": 257.6,
    "organism_009": 200.0
  },
  "rounds": 20
}