{
  "timestamp": "2026-04-08T05:08:12.919947",
  "participants": [
    "organism_018",
    "organism_008",
    "organism_004",
    "organism_020",
    "organism_010",
    "organism_015",
    "organism_013",
    "organism_017",
    "organism_012",
    "organism_014",
    "organism_002",
    "organism_001",
    "organism_007",
    "organism_011",
    "organism_005",
    "organism_009",
    "organism_006",
    "organism_016",
    "organism_003",
    "organism_019"
  ],
  "champion": "organism_014",
  "scores": {
    "organism_014": 1104.7781000000002,
    "organism_016": 950.0399999999998,
    "organism_015": 884.9999999999999,
    "organism_002": 711.0,
    "organism_010": 691.5999999999997,
    "organism_013": 650.0,
    "organism_006": 517.0,
    "organism_012": 473.59999999999985,
    "organism_020": 459.0,
    "organism_003": 459.0,
    "organism_009": 440.0,
    "organism_005": 376.0,
    "organism_004": 333.0,
    "organism_011": 333.0,
    "organism_017": 327.05999999999995,
    "organism_001": 320.0,
    "organism_008": 305.8999999999999,
    "organism_019": 270.0,
    "organism_018": 260.0,
    "organism_007": 260.0
  },
  "rounds": 20
}