{
  "timestamp": "2026-06-22T08:54:46.212906",
  "participants": [
    "organism_004",
    "organism_016",
    "organism_019",
    "organism_012",
    "organism_007",
    "organism_013",
    "organism_009",
    "organism_008",
    "organism_001",
    "organism_006",
    "organism_017",
    "organism_011",
    "organism_005",
    "organism_003",
    "organism_015",
    "organism_014",
    "organism_018",
    "organism_020",
    "organism_002",
    "organism_010"
  ],
  "champion": "organism_016",
  "scores": {
    "organism_016": 1294.0200000000002,
    "organism_017": 1023.8400000000001,
    "organism_015": 884.9999999999998,
    "organism_019": 711.0,
    "organism_003": 711.0,
    "organism_002": 711.0,
    "organism_014": 693.3009000000001,
    "organism_012": 651.2,
    "organism_004": 648.0,
    "organism_020": 585.0,
    "organism_011": 522.0,
    "organism_010": 469.2999999999999,
    "organism_006": 446.5,
    "organism_005": 446.5,
    "organism_013": 440.0,
    "organism_009": 440.0,
    "organism_018": 440.0,
    "organism_008": 402.49999999999994,
    "organism_007": 380.0,
    "organism_001": 380.0
  },
  "rounds": 20
}