{
  "timestamp": "2026-04-11T04:52:20.315561",
  "participants": [
    "organism_018",
    "organism_008",
    "organism_004",
    "organism_020",
    "organism_010",
    "organism_015",
    "organism_013",
    "organism_017",
    "organism_012",
    "organism_014",
    "organism_002",
    "organism_001",
    "organism_007",
    "organism_011",
    "organism_005",
    "organism_009",
    "organism_006",
    "organism_016",
    "organism_003",
    "organism_019"
  ],
  "champion": "organism_014",
  "scores": {
    "organism_014": 1104.7781000000002,
    "organism_016": 950.0399999999998,
    "organism_015": 778.8,
    "organism_012": 740.0000000000001,
    "organism_017": 725.22,
    "organism_013": 650.0,
    "organism_010": 617.4999999999999,
    "organism_006": 587.5,
    "organism_020": 585.0,
    "organism_003": 585.0,
    "organism_007": 560.0,
    "organism_004": 522.0,
    "organism_005": 517.0,
    "organism_002": 459.0,
    "organism_011": 459.0,
    "organism_018": 440.0,
    "organism_001": 440.0,
    "organism_019": 396.0,
    "organism_009": 380.0,
    "organism_008": 354.19999999999993
  },
  "rounds": 20
}