{
  "timestamp": "2026-06-17T08:25:47.397020",
  "participants": [
    "organism_004",
    "organism_016",
    "organism_019",
    "organism_012",
    "organism_007",
    "organism_013",
    "organism_009",
    "organism_008",
    "organism_001",
    "organism_006",
    "organism_017",
    "organism_011",
    "organism_005",
    "organism_003",
    "organism_015",
    "organism_014",
    "organism_018",
    "organism_020",
    "organism_002",
    "organism_010"
  ],
  "champion": "organism_016",
  "scores": {
    "organism_016": 1064.6999999999998,
    "organism_014": 899.0395000000002,
    "organism_017": 824.76,
    "organism_010": 765.6999999999997,
    "organism_012": 740.0000000000001,
    "organism_003": 711.0,
    "organism_018": 680.0,
    "organism_006": 587.5,
    "organism_019": 585.0,
    "organism_011": 585.0,
    "organism_015": 566.4000000000001,
    "organism_013": 510.0,
    "organism_002": 459.0,
    "organism_008": 450.7999999999999,
    "organism_005": 446.5,
    "organism_009": 440.0,
    "organism_004": 396.0,
    "organism_020": 396.0,
    "organism_001": 380.0,
    "organism_007": 320.0
  },
  "rounds": 20
}