{
  "timestamp": "2026-07-03T06:27:38.246171",
  "participants": [
    "organism_004",
    "organism_016",
    "organism_019",
    "organism_012",
    "organism_007",
    "organism_013",
    "organism_009",
    "organism_008",
    "organism_001",
    "organism_006",
    "organism_017",
    "organism_011",
    "organism_005",
    "organism_003",
    "organism_015",
    "organism_014",
    "organism_018",
    "organism_020",
    "organism_002",
    "organism_010"
  ],
  "champion": "organism_014",
  "scores": {
    "organism_014": 1104.7781000000002,
    "organism_016": 950.0399999999998,
    "organism_017": 824.7599999999999,
    "organism_015": 778.7999999999998,
    "organism_012": 740.0000000000001,
    "organism_013": 720.0,
    "organism_003": 711.0,
    "organism_019": 648.0,
    "organism_020": 648.0,
    "organism_002": 648.0,
    "organism_005": 587.5,
    "organism_004": 585.0,
    "organism_009": 560.0,
    "organism_007": 500.0,
    "organism_018": 500.0,
    "organism_010": 395.2,
    "organism_006": 376.0,
    "organism_008": 354.1999999999999,
    "organism_011": 333.0,
    "organism_001": 320.0
  },
  "rounds": 20
}