{
  "timestamp": "2026-06-14T07:20:22.974099",
  "participants": [
    "organism_004",
    "organism_016",
    "organism_019",
    "organism_012",
    "organism_007",
    "organism_013",
    "organism_009",
    "organism_008",
    "organism_001",
    "organism_006",
    "organism_017",
    "organism_011",
    "organism_005",
    "organism_003",
    "organism_015",
    "organism_014",
    "organism_018",
    "organism_020",
    "organism_002",
    "organism_010"
  ],
  "champion": "organism_014",
  "scores": {
    "organism_014": 1413.3860000000002,
    "organism_016": 1179.3600000000001,
    "organism_015": 1097.3999999999996,
    "organism_012": 917.6000000000003,
    "organism_013": 860.0,
    "organism_020": 837.0,
    "organism_017": 824.7599999999999,
    "organism_005": 728.5,
    "organism_019": 711.0,
    "organism_010": 691.5999999999998,
    "organism_009": 680.0,
    "organism_006": 658.0,
    "organism_004": 648.0,
    "organism_003": 648.0,
    "organism_002": 648.0,
    "organism_018": 620.0,
    "organism_011": 459.0,
    "organism_007": 440.0,
    "organism_001": 380.0,
    "organism_008": 354.19999999999993
  },
  "rounds": 20
}