{
  "timestamp": "2026-04-07T05:06:23.097445",
  "participants": [
    "organism_005",
    "organism_020",
    "organism_010",
    "organism_009",
    "organism_001",
    "organism_002",
    "organism_015",
    "organism_018",
    "organism_012",
    "organism_003",
    "organism_006",
    "organism_013",
    "organism_008",
    "organism_017",
    "organism_019",
    "organism_011",
    "organism_014",
    "organism_004",
    "organism_007",
    "organism_016"
  ],
  "champion": "organism_016",
  "scores": {
    "organism_016": 1294.0200000000002,
    "organism_017": 1023.8400000000001,
    "organism_014": 1001.9088000000003,
    "organism_015": 991.1999999999997,
    "organism_012": 740.0000000000001,
    "organism_005": 658.0,
    "organism_002": 648.0,
    "organism_003": 648.0,
    "organism_019": 648.0,
    "organism_001": 620.0,
    "organism_006": 587.5,
    "organism_018": 560.0,
    "organism_008": 547.3999999999999,
    "organism_020": 522.0,
    "organism_004": 522.0,
    "organism_011": 459.0,
    "organism_013": 440.0,
    "organism_010": 395.19999999999993,
    "organism_009": 380.0,
    "organism_007": 380.0
  },
  "rounds": 20
}