{
  "timestamp": "2026-07-06T07:08:52.567897",
  "participants": [
    "organism_004",
    "organism_016",
    "organism_019",
    "organism_012",
    "organism_007",
    "organism_013",
    "organism_009",
    "organism_008",
    "organism_001",
    "organism_006",
    "organism_017",
    "organism_011",
    "organism_005",
    "organism_003",
    "organism_015",
    "organism_014",
    "organism_018",
    "organism_020",
    "organism_002",
    "organism_010"
  ],
  "champion": "organism_016",
  "scores": {
    "organism_016": 1294.0200000000002,
    "organism_017": 1123.3799999999999,
    "organism_014": 1001.9088000000003,
    "organism_015": 991.1999999999997,
    "organism_010": 987.9999999999997,
    "organism_012": 828.8000000000002,
    "organism_003": 774.0,
    "organism_013": 720.0,
    "organism_007": 680.0,
    "organism_018": 680.0,
    "organism_006": 658.0,
    "organism_019": 648.0,
    "organism_005": 587.5,
    "organism_004": 585.0,
    "organism_011": 585.0,
    "organism_009": 560.0,
    "organism_001": 560.0,
    "organism_002": 522.0,
    "organism_008": 499.0999999999999,
    "organism_020": 396.0
  },
  "rounds": 20
}