{
  "timestamp": "2026-07-08T05:47:15.619727",
  "participants": [
    "organism_004",
    "organism_016",
    "organism_019",
    "organism_012",
    "organism_007",
    "organism_013",
    "organism_009",
    "organism_008",
    "organism_001",
    "organism_006",
    "organism_017",
    "organism_011",
    "organism_005",
    "organism_003",
    "organism_015",
    "organism_014",
    "organism_018",
    "organism_020",
    "organism_002",
    "organism_010"
  ],
  "champion": "organism_016",
  "scores": {
    "organism_016": 1064.6999999999998,
    "organism_017": 924.3000000000001,
    "organism_012": 828.8000000000002,
    "organism_004": 711.0,
    "organism_020": 711.0,
    "organism_015": 672.6,
    "organism_005": 658.0,
    "organism_013": 650.0,
    "organism_010": 617.4999999999999,
    "organism_014": 590.4316000000001,
    "organism_007": 560.0,
    "organism_018": 560.0,
    "organism_019": 522.0,
    "organism_002": 522.0,
    "organism_009": 500.0,
    "organism_001": 500.0,
    "organism_008": 402.50000000000006,
    "organism_011": 396.0,
    "organism_003": 396.0,
    "organism_006": 305.5
  },
  "rounds": 20
}