{
  "timestamp": "2026-04-28T05:55:40.907812",
  "participants": [
    "organism_018",
    "organism_008",
    "organism_004",
    "organism_020",
    "organism_010",
    "organism_015",
    "organism_013",
    "organism_017",
    "organism_012",
    "organism_014",
    "organism_002",
    "organism_001",
    "organism_007",
    "organism_011",
    "organism_005",
    "organism_009",
    "organism_006",
    "organism_016",
    "organism_003",
    "organism_019"
  ],
  "champion": "organism_015",
  "scores": {
    "organism_015": 1097.3999999999996,
    "organism_016": 1064.6999999999998,
    "organism_017": 924.3000000000001,
    "organism_012": 828.8000000000002,
    "organism_014": 796.1702000000001,
    "organism_019": 774.0,
    "organism_013": 650.0,
    "organism_004": 648.0,
    "organism_006": 587.5,
    "organism_002": 585.0,
    "organism_011": 585.0,
    "organism_010": 543.4,
    "organism_020": 522.0,
    "organism_018": 500.0,
    "organism_003": 459.0,
    "organism_008": 450.7999999999999,
    "organism_005": 446.5,
    "organism_001": 440.0,
    "organism_007": 320.0,
    "organism_009": 320.0
  },
  "rounds": 20
}