{
  "timestamp": "2026-05-10T06:08:02.214579",
  "participants": [
    "organism_018",
    "organism_008",
    "organism_004",
    "organism_020",
    "organism_010",
    "organism_015",
    "organism_013",
    "organism_017",
    "organism_012",
    "organism_014",
    "organism_002",
    "organism_001",
    "organism_007",
    "organism_011",
    "organism_005",
    "organism_009",
    "organism_006",
    "organism_016",
    "organism_003",
    "organism_019"
  ],
  "champion": "organism_015",
  "scores": {
    "organism_015": 1097.3999999999996,
    "organism_016": 950.0399999999998,
    "organism_017": 924.3,
    "organism_014": 899.0395000000002,
    "organism_012": 828.8000000000002,
    "organism_013": 790.0,
    "organism_020": 711.0,
    "organism_003": 711.0,
    "organism_006": 658.0,
    "organism_002": 648.0,
    "organism_010": 617.4999999999998,
    "organism_004": 585.0,
    "organism_011": 585.0,
    "organism_019": 585.0,
    "organism_007": 560.0,
    "organism_005": 517.0,
    "organism_008": 499.0999999999998,
    "organism_018": 440.0,
    "organism_001": 320.0,
    "organism_009": 320.0
  },
  "rounds": 20
}