{
  "timestamp": "2026-06-18T08:04:36.745937",
  "participants": [
    "organism_004",
    "organism_016",
    "organism_019",
    "organism_012",
    "organism_007",
    "organism_013",
    "organism_009",
    "organism_008",
    "organism_001",
    "organism_006",
    "organism_017",
    "organism_011",
    "organism_005",
    "organism_003",
    "organism_015",
    "organism_014",
    "organism_018",
    "organism_020",
    "organism_002",
    "organism_010"
  ],
  "champion": "organism_017",
  "scores": {
    "organism_017": 924.3000000000001,
    "organism_015": 884.9999999999998,
    "organism_016": 835.3799999999999,
    "organism_012": 828.8000000000002,
    "organism_014": 590.4316000000001,
    "organism_011": 585.0,
    "organism_003": 585.0,
    "organism_018": 560.0,
    "organism_001": 500.0,
    "organism_019": 459.0,
    "organism_002": 459.0,
    "organism_006": 446.5,
    "organism_005": 446.5,
    "organism_013": 440.0,
    "organism_009": 440.0,
    "organism_004": 333.0,
    "organism_007": 260.0,
    "organism_008": 257.6,
    "organism_020": 207.0,
    "organism_010": 98.79999999999995
  },
  "rounds": 20
}