{
  "timestamp": "2026-04-20T05:37:12.410498",
  "participants": [
    "organism_018",
    "organism_008",
    "organism_004",
    "organism_020",
    "organism_010",
    "organism_015",
    "organism_013",
    "organism_017",
    "organism_012",
    "organism_014",
    "organism_002",
    "organism_001",
    "organism_007",
    "organism_011",
    "organism_005",
    "organism_009",
    "organism_006",
    "organism_016",
    "organism_003",
    "organism_019"
  ],
  "champion": "organism_015",
  "scores": {
    "organism_015": 991.1999999999997,
    "organism_012": 740.0000000000001,
    "organism_017": 725.22,
    "organism_014": 693.3009000000002,
    "organism_016": 606.06,
    "organism_005": 587.5,
    "organism_006": 587.5,
    "organism_020": 585.0,
    "organism_003": 585.0,
    "organism_010": 543.3999999999999,
    "organism_004": 522.0,
    "organism_002": 522.0,
    "organism_019": 522.0,
    "organism_018": 500.0,
    "organism_007": 500.0,
    "organism_009": 500.0,
    "organism_008": 402.49999999999994,
    "organism_011": 396.0,
    "organism_001": 380.0,
    "organism_013": 230.0
  },
  "rounds": 20
}