{
  "timestamp": "2026-04-24T05:31:32.259471",
  "participants": [
    "organism_018",
    "organism_008",
    "organism_004",
    "organism_020",
    "organism_010",
    "organism_015",
    "organism_013",
    "organism_017",
    "organism_012",
    "organism_014",
    "organism_002",
    "organism_001",
    "organism_007",
    "organism_011",
    "organism_005",
    "organism_009",
    "organism_006",
    "organism_016",
    "organism_003",
    "organism_019"
  ],
  "champion": "organism_015",
  "scores": {
    "organism_015": 1097.3999999999996,
    "organism_016": 1064.6999999999998,
    "organism_014": 899.0395000000002,
    "organism_004": 837.0,
    "organism_012": 828.8000000000002,
    "organism_011": 711.0,
    "organism_019": 711.0,
    "organism_001": 680.0,
    "organism_006": 658.0,
    "organism_013": 650.0,
    "organism_017": 625.6800000000001,
    "organism_005": 587.5,
    "organism_003": 585.0,
    "organism_008": 547.4,
    "organism_010": 543.3999999999999,
    "organism_020": 522.0,
    "organism_018": 440.0,
    "organism_009": 440.0,
    "organism_002": 270.0,
    "organism_007": 200.0
  },
  "rounds": 20
}