{
  "timestamp": "2026-06-10T07:06:35.191233",
  "participants": [
    "organism_008",
    "organism_016",
    "organism_006",
    "organism_019",
    "organism_017",
    "organism_005",
    "organism_013",
    "organism_007",
    "organism_012",
    "organism_015",
    "organism_010",
    "organism_004",
    "organism_018",
    "organism_002",
    "organism_003",
    "organism_009",
    "organism_001",
    "organism_020",
    "organism_014",
    "organism_011"
  ],
  "champion": "organism_017",
  "scores": {
    "organism_017": 1123.3799999999999,
    "organism_014": 1104.7781000000002,
    "organism_015": 991.1999999999997,
    "organism_016": 835.3799999999999,
    "organism_004": 774.0,
    "organism_002": 774.0,
    "organism_010": 691.5999999999999,
    "organism_013": 650.0,
    "organism_019": 585.0,
    "organism_020": 585.0,
    "organism_005": 517.0,
    "organism_018": 500.0,
    "organism_001": 500.0,
    "organism_008": 499.0999999999999,
    "organism_003": 459.0,
    "organism_011": 459.0,
    "organism_006": 446.5,
    "organism_012": 384.79999999999984,
    "organism_009": 380.0,
    "organism_007": 260.0
  },
  "rounds": 20
}