{
  "timestamp": "2026-04-27T08:19:27.453248",
  "participants": [
    "organism_018",
    "organism_008",
    "organism_004",
    "organism_020",
    "organism_010",
    "organism_015",
    "organism_013",
    "organism_017",
    "organism_012",
    "organism_014",
    "organism_002",
    "organism_001",
    "organism_007",
    "organism_011",
    "organism_005",
    "organism_009",
    "organism_006",
    "organism_016",
    "organism_003",
    "organism_019"
  ],
  "champion": "organism_017",
  "scores": {
    "organism_017": 1023.8399999999999,
    "organism_016": 835.3799999999999,
    "organism_012": 828.8000000000002,
    "organism_015": 778.7999999999998,
    "organism_014": 693.3009000000002,
    "organism_010": 691.5999999999997,
    "organism_013": 650.0,
    "organism_004": 648.0,
    "organism_006": 587.5,
    "organism_020": 585.0,
    "organism_002": 585.0,
    "organism_019": 585.0,
    "organism_009": 560.0,
    "organism_001": 500.0,
    "organism_007": 500.0,
    "organism_008": 499.0999999999998,
    "organism_005": 376.0,
    "organism_011": 333.0,
    "organism_003": 333.0,
    "organism_018": 320.0
  },
  "rounds": 20
}