{
  "timestamp": "2026-04-18T05:03:45.333754",
  "participants": [
    "organism_018",
    "organism_008",
    "organism_004",
    "organism_020",
    "organism_010",
    "organism_015",
    "organism_013",
    "organism_017",
    "organism_012",
    "organism_014",
    "organism_002",
    "organism_001",
    "organism_007",
    "organism_011",
    "organism_005",
    "organism_009",
    "organism_006",
    "organism_016",
    "organism_003",
    "organism_019"
  ],
  "champion": "organism_014",
  "scores": {
    "organism_014": 1001.9088000000003,
    "organism_016": 950.0399999999998,
    "organism_017": 924.3000000000001,
    "organism_003": 837.0,
    "organism_013": 720.0,
    "organism_001": 680.0,
    "organism_015": 672.5999999999999,
    "organism_012": 651.1999999999999,
    "organism_010": 617.4999999999999,
    "organism_005": 587.5,
    "organism_020": 585.0,
    "organism_007": 560.0,
    "organism_002": 522.0,
    "organism_011": 459.0,
    "organism_008": 450.79999999999995,
    "organism_004": 396.0,
    "organism_018": 380.0,
    "organism_009": 380.0,
    "organism_006": 376.0,
    "organism_019": 270.0
  },
  "rounds": 20
}