{
  "timestamp": "2026-05-01T06:13:26.466208",
  "participants": [
    "organism_018",
    "organism_008",
    "organism_004",
    "organism_020",
    "organism_010",
    "organism_015",
    "organism_013",
    "organism_017",
    "organism_012",
    "organism_014",
    "organism_002",
    "organism_001",
    "organism_007",
    "organism_011",
    "organism_005",
    "organism_009",
    "organism_006",
    "organism_016",
    "organism_003",
    "organism_019"
  ],
  "champion": "organism_015",
  "scores": {
    "organism_015": 991.1999999999999,
    "organism_016": 950.0399999999998,
    "organism_012": 828.8000000000002,
    "organism_017": 824.7600000000001,
    "organism_014": 796.1702000000002,
    "organism_013": 790.0,
    "organism_005": 587.5,
    "organism_006": 587.5,
    "organism_019": 585.0,
    "organism_010": 543.3999999999999,
    "organism_020": 522.0,
    "organism_004": 459.0,
    "organism_003": 459.0,
    "organism_001": 440.0,
    "organism_007": 440.0,
    "organism_018": 380.0,
    "organism_009": 320.0,
    "organism_008": 305.90000000000003,
    "organism_002": 270.0,
    "organism_011": 270.0
  },
  "rounds": 20
}