{
  "timestamp": "2026-07-17T05:38:11.721130",
  "participants": [
    "organism_018",
    "organism_014",
    "organism_002",
    "organism_004",
    "organism_017",
    "organism_011",
    "organism_007",
    "organism_016",
    "organism_020",
    "organism_009",
    "organism_005",
    "organism_019",
    "organism_015",
    "organism_013",
    "organism_006",
    "organism_008",
    "organism_001",
    "organism_010",
    "organism_003",
    "organism_012"
  ],
  "champion": "organism_016",
  "scores": {
    "organism_016": 1294.0200000000002,
    "organism_014": 1104.7781,
    "organism_015": 991.1999999999995,
    "organism_012": 917.6000000000001,
    "organism_011": 648.0,
    "organism_017": 625.6799999999998,
    "organism_009": 620.0,
    "organism_010": 617.4999999999999,
    "organism_002": 585.0,
    "organism_004": 585.0,
    "organism_020": 585.0,
    "organism_003": 585.0,
    "organism_001": 500.0,
    "organism_008": 450.79999999999984,
    "organism_006": 446.5,
    "organism_007": 440.0,
    "organism_013": 440.0,
    "organism_018": 380.0,
    "organism_005": 305.5,
    "organism_019": 270.0
  },
  "rounds": 20
}