{
  "timestamp": "2026-06-12T07:20:29.504554",
  "participants": [
    "organism_004",
    "organism_016",
    "organism_019",
    "organism_012",
    "organism_007",
    "organism_013",
    "organism_009",
    "organism_008",
    "organism_001",
    "organism_006",
    "organism_017",
    "organism_011",
    "organism_005",
    "organism_003",
    "organism_015",
    "organism_014",
    "organism_018",
    "organism_020",
    "organism_002",
    "organism_010"
  ],
  "champion": "organism_016",
  "scores": {
    "organism_016": 1179.3600000000001,
    "organism_014": 899.0395000000003,
    "organism_017": 824.7599999999999,
    "organism_004": 774.0,
    "organism_012": 740.0000000000001,
    "organism_009": 680.0,
    "organism_011": 648.0,
    "organism_002": 648.0,
    "organism_013": 580.0,
    "organism_015": 566.4000000000001,
    "organism_019": 522.0,
    "organism_020": 522.0,
    "organism_006": 517.0,
    "organism_007": 500.0,
    "organism_001": 500.0,
    "organism_010": 469.29999999999995,
    "organism_005": 446.5,
    "organism_003": 396.0,
    "organism_018": 320.0,
    "organism_008": 305.9
  },
  "rounds": 20
}