{
  "timestamp": "2026-07-18T05:20:39.138318",
  "participants": [
    "organism_018",
    "organism_014",
    "organism_002",
    "organism_004",
    "organism_017",
    "organism_011",
    "organism_007",
    "organism_016",
    "organism_020",
    "organism_009",
    "organism_005",
    "organism_019",
    "organism_015",
    "organism_013",
    "organism_006",
    "organism_008",
    "organism_001",
    "organism_010",
    "organism_003",
    "organism_012"
  ],
  "champion": "organism_016",
  "scores": {
    "organism_016": 1179.3600000000001,
    "organism_017": 1123.3799999999999,
    "organism_015": 1097.3999999999996,
    "organism_012": 828.8000000000002,
    "organism_013": 790.0,
    "organism_011": 711.0,
    "organism_014": 693.3009,
    "organism_005": 658.0,
    "organism_006": 658.0,
    "organism_004": 648.0,
    "organism_019": 648.0,
    "organism_003": 648.0,
    "organism_007": 620.0,
    "organism_002": 585.0,
    "organism_010": 543.4,
    "organism_020": 522.0,
    "organism_018": 500.0,
    "organism_001": 500.0,
    "organism_008": 450.79999999999984,
    "organism_009": 440.0
  },
  "rounds": 20
}