{
  "timestamp": "2026-05-06T05:53:57.158481",
  "participants": [
    "organism_018",
    "organism_008",
    "organism_004",
    "organism_020",
    "organism_010",
    "organism_015",
    "organism_013",
    "organism_017",
    "organism_012",
    "organism_014",
    "organism_002",
    "organism_001",
    "organism_007",
    "organism_011",
    "organism_005",
    "organism_009",
    "organism_006",
    "organism_016",
    "organism_003",
    "organism_019"
  ],
  "champion": "organism_016",
  "scores": {
    "organism_016": 1294.0200000000002,
    "organism_015": 1203.5999999999997,
    "organism_014": 1001.9088000000003,
    "organism_017": 924.3000000000001,
    "organism_010": 839.7999999999997,
    "organism_002": 774.0,
    "organism_009": 740.0,
    "organism_006": 658.0,
    "organism_013": 650.0,
    "organism_020": 648.0,
    "organism_011": 648.0,
    "organism_005": 587.5,
    "organism_003": 585.0,
    "organism_001": 560.0,
    "organism_018": 500.0,
    "organism_007": 500.0,
    "organism_008": 499.0999999999999,
    "organism_012": 473.59999999999974,
    "organism_004": 459.0,
    "organism_019": 333.0
  },
  "rounds": 20
}