{
  "timestamp": "2026-05-16T05:51:08.767507",
  "participants": [
    "organism_014",
    "organism_018",
    "organism_006",
    "organism_017",
    "organism_019",
    "organism_020",
    "organism_003",
    "organism_007",
    "organism_015",
    "organism_009",
    "organism_005",
    "organism_004",
    "organism_011",
    "organism_010",
    "organism_001",
    "organism_012",
    "organism_013",
    "organism_016",
    "organism_002",
    "organism_008"
  ],
  "champion": "organism_016",
  "scores": {
    "organism_016": 1294.0200000000002,
    "organism_015": 884.9999999999999,
    "organism_010": 839.7999999999996,
    "organism_014": 796.1702000000002,
    "organism_012": 740.0000000000001,
    "organism_006": 658.0,
    "organism_004": 648.0,
    "organism_003": 585.0,
    "organism_018": 560.0,
    "organism_013": 510.0,
    "organism_001": 500.0,
    "organism_019": 459.0,
    "organism_005": 446.5,
    "organism_007": 440.0,
    "organism_002": 396.0,
    "organism_008": 354.20000000000005,
    "organism_020": 333.0,
    "organism_009": 260.0,
    "organism_011": 207.0,
    "organism_017": 28.439999999999984
  },
  "rounds": 20
}