{
  "timestamp": "2026-06-01T08:31:45.169693",
  "participants": [
    "organism_008",
    "organism_016",
    "organism_006",
    "organism_019",
    "organism_017",
    "organism_005",
    "organism_013",
    "organism_007",
    "organism_012",
    "organism_015",
    "organism_010",
    "organism_004",
    "organism_018",
    "organism_002",
    "organism_003",
    "organism_009",
    "organism_001",
    "organism_020",
    "organism_014",
    "organism_011"
  ],
  "champion": "organism_017",
  "scores": {
    "organism_017": 1023.8400000000001,
    "organism_014": 899.0395000000001,
    "organism_016": 835.3799999999999,
    "organism_015": 778.8,
    "organism_012": 740.0,
    "organism_020": 648.0,
    "organism_010": 617.4999999999998,
    "organism_006": 587.5,
    "organism_005": 587.5,
    "organism_002": 585.0,
    "organism_003": 585.0,
    "organism_013": 510.0,
    "organism_007": 500.0,
    "organism_019": 459.0,
    "organism_004": 459.0,
    "organism_011": 459.0,
    "organism_001": 440.0,
    "organism_009": 380.0,
    "organism_008": 305.9,
    "organism_018": 80.0
  },
  "rounds": 20
}