{
  "timestamp": "2026-04-14T05:20:14.439868",
  "participants": [
    "organism_018",
    "organism_008",
    "organism_004",
    "organism_020",
    "organism_010",
    "organism_015",
    "organism_013",
    "organism_017",
    "organism_012",
    "organism_014",
    "organism_002",
    "organism_001",
    "organism_007",
    "organism_011",
    "organism_005",
    "organism_009",
    "organism_006",
    "organism_016",
    "organism_003",
    "organism_019"
  ],
  "champion": "organism_017",
  "scores": {
    "organism_017": 1123.38,
    "organism_014": 1104.7781000000002,
    "organism_016": 1064.6999999999998,
    "organism_013": 860.0,
    "organism_012": 740.0000000000002,
    "organism_007": 620.0,
    "organism_009": 620.0,
    "organism_010": 617.4999999999998,
    "organism_006": 587.5,
    "organism_020": 585.0,
    "organism_002": 585.0,
    "organism_019": 585.0,
    "organism_015": 566.4000000000002,
    "organism_001": 560.0,
    "organism_004": 522.0,
    "organism_005": 517.0,
    "organism_008": 450.79999999999984,
    "organism_018": 440.0,
    "organism_011": 396.0,
    "organism_003": 396.0
  },
  "rounds": 20
}