{
  "timestamp": "2026-03-24T04:50:56.711808",
  "participants": [
    "organism_018",
    "organism_003",
    "organism_005",
    "organism_008",
    "organism_007",
    "organism_004",
    "organism_006",
    "organism_015",
    "organism_019",
    "organism_010",
    "organism_002",
    "organism_014",
    "organism_013",
    "organism_011",
    "organism_001",
    "organism_009",
    "organism_012",
    "organism_016",
    "organism_020",
    "organism_017"
  ],
  "champion": "organism_017",
  "scores": {
    "organism_017": 1023.8400000000001,
    "organism_016": 835.38,
    "organism_013": 650.0,
    "organism_014": 590.4316000000001,
    "organism_006": 587.5,
    "organism_004": 585.0,
    "organism_002": 585.0,
    "organism_012": 562.4,
    "organism_001": 560.0,
    "organism_003": 522.0,
    "organism_005": 517.0,
    "organism_009": 500.0,
    "organism_019": 459.0,
    "organism_020": 459.0,
    "organism_008": 450.7999999999999,
    "organism_011": 396.0,
    "organism_018": 380.0,
    "organism_007": 380.0,
    "organism_010": 321.1,
    "organism_015": 247.80000000000004
  },
  "rounds": 20
}