{
  "timestamp": "2026-05-26T06:42:38.344060",
  "participants": [
    "organism_014",
    "organism_018",
    "organism_006",
    "organism_017",
    "organism_019",
    "organism_020",
    "organism_003",
    "organism_007",
    "organism_015",
    "organism_009",
    "organism_005",
    "organism_004",
    "organism_011",
    "organism_010",
    "organism_001",
    "organism_012",
    "organism_013",
    "organism_016",
    "organism_002",
    "organism_008"
  ],
  "champion": "organism_017",
  "scores": {
    "organism_017": 924.3000000000001,
    "organism_014": 899.0395000000002,
    "organism_016": 835.3799999999999,
    "organism_012": 651.2,
    "organism_011": 585.0,
    "organism_018": 560.0,
    "organism_019": 522.0,
    "organism_020": 522.0,
    "organism_005": 517.0,
    "organism_009": 500.0,
    "organism_015": 460.2000000000002,
    "organism_002": 459.0,
    "organism_006": 446.5,
    "organism_007": 440.0,
    "organism_013": 440.0,
    "organism_008": 402.5,
    "organism_003": 396.0,
    "organism_004": 396.0,
    "organism_010": 395.2,
    "organism_001": 320.0
  },
  "rounds": 20
}