{
  "timestamp": "2026-06-16T08:43:00.276320",
  "participants": [
    "organism_004",
    "organism_016",
    "organism_019",
    "organism_012",
    "organism_007",
    "organism_013",
    "organism_009",
    "organism_008",
    "organism_001",
    "organism_006",
    "organism_017",
    "organism_011",
    "organism_005",
    "organism_003",
    "organism_015",
    "organism_014",
    "organism_018",
    "organism_020",
    "organism_002",
    "organism_010"
  ],
  "champion": "organism_016",
  "scores": {
    "organism_016": 1064.6999999999998,
    "organism_010": 839.7999999999997,
    "organism_017": 824.76,
    "organism_002": 774.0,
    "organism_013": 720.0,
    "organism_014": 693.3009000000001,
    "organism_012": 651.2,
    "organism_004": 585.0,
    "organism_019": 585.0,
    "organism_015": 566.4,
    "organism_009": 560.0,
    "organism_011": 522.0,
    "organism_003": 522.0,
    "organism_020": 522.0,
    "organism_006": 446.5,
    "organism_005": 446.5,
    "organism_007": 440.0,
    "organism_001": 440.0,
    "organism_008": 402.5,
    "organism_018": 380.0
  },
  "rounds": 20
}