{
  "timestamp": "2026-04-30T05:55:11.616971",
  "participants": [
    "organism_018",
    "organism_008",
    "organism_004",
    "organism_020",
    "organism_010",
    "organism_015",
    "organism_013",
    "organism_017",
    "organism_012",
    "organism_014",
    "organism_002",
    "organism_001",
    "organism_007",
    "organism_011",
    "organism_005",
    "organism_009",
    "organism_006",
    "organism_016",
    "organism_003",
    "organism_019"
  ],
  "champion": "organism_016",
  "scores": {
    "organism_016": 1179.3600000000001,
    "organism_014": 1001.9088000000002,
    "organism_015": 991.1999999999997,
    "organism_006": 799.0,
    "organism_005": 728.5,
    "organism_002": 711.0,
    "organism_010": 691.5999999999998,
    "organism_011": 648.0,
    "organism_001": 620.0,
    "organism_019": 585.0,
    "organism_013": 580.0,
    "organism_012": 562.4,
    "organism_004": 459.0,
    "organism_020": 459.0,
    "organism_003": 459.0,
    "organism_008": 450.7999999999998,
    "organism_017": 426.6,
    "organism_018": 380.0,
    "organism_007": 380.0,
    "organism_009": 320.0
  },
  "rounds": 20
}