{
  "timestamp": "2026-05-11T06:36:27.380940",
  "participants": [
    "organism_018",
    "organism_008",
    "organism_004",
    "organism_020",
    "organism_010",
    "organism_015",
    "organism_013",
    "organism_017",
    "organism_012",
    "organism_014",
    "organism_002",
    "organism_001",
    "organism_007",
    "organism_011",
    "organism_005",
    "organism_009",
    "organism_006",
    "organism_016",
    "organism_003",
    "organism_019"
  ],
  "champion": "organism_016",
  "scores": {
    "organism_016": 1179.36,
    "organism_014": 899.0395000000002,
    "organism_005": 869.5,
    "organism_015": 778.8,
    "organism_019": 774.0,
    "organism_017": 725.2199999999999,
    "organism_013": 720.0,
    "organism_011": 711.0,
    "organism_020": 648.0,
    "organism_007": 620.0,
    "organism_006": 587.5,
    "organism_002": 585.0,
    "organism_003": 585.0,
    "organism_012": 562.4,
    "organism_010": 543.4,
    "organism_001": 500.0,
    "organism_009": 440.0,
    "organism_004": 396.0,
    "organism_018": 320.0,
    "organism_008": 305.90000000000003
  },
  "rounds": 20
}