{
  "timestamp": "2026-04-04T04:47:34.275959",
  "participants": [
    "organism_005",
    "organism_020",
    "organism_010",
    "organism_009",
    "organism_001",
    "organism_002",
    "organism_015",
    "organism_018",
    "organism_012",
    "organism_003",
    "organism_006",
    "organism_013",
    "organism_008",
    "organism_017",
    "organism_019",
    "organism_011",
    "organism_014",
    "organism_004",
    "organism_007",
    "organism_016"
  ],
  "champion": "organism_014",
  "scores": {
    "organism_014": 1207.6474000000003,
    "organism_017": 1123.38,
    "organism_015": 1097.3999999999996,
    "organism_016": 950.0399999999998,
    "organism_012": 740.0000000000001,
    "organism_006": 728.5,
    "organism_013": 720.0,
    "organism_020": 711.0,
    "organism_005": 658.0,
    "organism_002": 648.0,
    "organism_003": 648.0,
    "organism_019": 648.0,
    "organism_018": 620.0,
    "organism_008": 595.6999999999999,
    "organism_011": 585.0,
    "organism_007": 560.0,
    "organism_004": 522.0,
    "organism_009": 500.0,
    "organism_010": 469.29999999999984,
    "organism_001": 440.0
  },
  "rounds": 20
}