{
  "timestamp": "2026-05-25T07:12:07.493029",
  "participants": [
    "organism_014",
    "organism_018",
    "organism_006",
    "organism_017",
    "organism_019",
    "organism_020",
    "organism_003",
    "organism_007",
    "organism_015",
    "organism_009",
    "organism_005",
    "organism_004",
    "organism_011",
    "organism_010",
    "organism_001",
    "organism_012",
    "organism_013",
    "organism_016",
    "organism_002",
    "organism_008"
  ],
  "champion": "organism_017",
  "scores": {
    "organism_017": 1123.38,
    "organism_012": 917.6000000000003,
    "organism_004": 774.0,
    "organism_010": 765.6999999999998,
    "organism_016": 720.7199999999999,
    "organism_014": 693.3009000000001,
    "organism_015": 672.5999999999999,
    "organism_013": 650.0,
    "organism_019": 585.0,
    "organism_009": 500.0,
    "organism_011": 459.0,
    "organism_002": 459.0,
    "organism_018": 440.0,
    "organism_003": 396.0,
    "organism_007": 380.0,
    "organism_005": 376.0,
    "organism_006": 305.5,
    "organism_008": 209.3,
    "organism_001": 200.0,
    "organism_020": 144.0
  },
  "rounds": 20
}