{
  "timestamp": "2026-03-22T04:49:49.366608",
  "participants": [
    "organism_003",
    "organism_005",
    "organism_008",
    "organism_007",
    "organism_004",
    "organism_006",
    "organism_015",
    "organism_010",
    "organism_002",
    "organism_014",
    "organism_013",
    "organism_011",
    "organism_001",
    "organism_009",
    "organism_012",
    "organism_016",
    "organism_017"
  ],
  "champion": "organism_016",
  "scores": {
    "organism_016": 1179.36,
    "organism_017": 1123.3799999999999,
    "organism_015": 884.9999999999998,
    "organism_010": 765.6999999999998,
    "organism_012": 740.0000000000001,
    "organism_009": 740.0,
    "organism_014": 693.3009000000001,
    "organism_013": 650.0,
    "organism_002": 648.0,
    "organism_011": 648.0,
    "organism_003": 585.0,
    "organism_005": 517.0,
    "organism_001": 500.0,
    "organism_008": 499.09999999999997,
    "organism_004": 459.0,
    "organism_006": 446.5,
    "organism_007": 320.0
  },
  "rounds": 20
}