{
  "timestamp": "2026-05-23T06:10:03.429051",
  "participants": [
    "organism_014",
    "organism_018",
    "organism_006",
    "organism_017",
    "organism_019",
    "organism_020",
    "organism_003",
    "organism_007",
    "organism_015",
    "organism_009",
    "organism_005",
    "organism_004",
    "organism_011",
    "organism_010",
    "organism_001",
    "organism_012",
    "organism_013",
    "organism_016",
    "organism_002",
    "organism_008"
  ],
  "champion": "organism_016",
  "scores": {
    "organism_016": 1064.6999999999998,
    "organism_015": 991.1999999999997,
    "organism_017": 924.3000000000001,
    "organism_003": 837.0,
    "organism_013": 720.0,
    "organism_014": 693.3009000000001,
    "organism_010": 691.5999999999998,
    "organism_020": 648.0,
    "organism_006": 587.5,
    "organism_019": 585.0,
    "organism_011": 522.0,
    "organism_005": 517.0,
    "organism_018": 500.0,
    "organism_001": 500.0,
    "organism_012": 473.5999999999999,
    "organism_008": 402.49999999999983,
    "organism_004": 396.0,
    "organism_002": 333.0,
    "organism_009": 320.0,
    "organism_007": 200.0
  },
  "rounds": 20
}