{
  "timestamp": "2026-06-22T11:47:44.381710",
  "participants": [
    "organism_004",
    "organism_016",
    "organism_019",
    "organism_012",
    "organism_007",
    "organism_013",
    "organism_009",
    "organism_008",
    "organism_001",
    "organism_006",
    "organism_017",
    "organism_011",
    "organism_005",
    "organism_003",
    "organism_015",
    "organism_014",
    "organism_018",
    "organism_020",
    "organism_002",
    "organism_010"
  ],
  "champion": "organism_016",
  "scores": {
    "organism_016": 1179.3600000000001,
    "organism_015": 1097.3999999999996,
    "organism_017": 1023.84,
    "organism_014": 796.1701999999999,
    "organism_001": 740.0,
    "organism_020": 711.0,
    "organism_009": 680.0,
    "organism_012": 651.2000000000002,
    "organism_013": 650.0,
    "organism_010": 617.4999999999999,
    "organism_005": 587.5,
    "organism_019": 585.0,
    "organism_003": 585.0,
    "organism_002": 585.0,
    "organism_018": 560.0,
    "organism_006": 517.0,
    "organism_011": 459.0,
    "organism_008": 402.4999999999999,
    "organism_007": 380.0,
    "organism_004": 270.0
  },
  "rounds": 20
}