{
  "timestamp": "2026-06-15T08:58:36.164928",
  "participants": [
    "organism_004",
    "organism_016",
    "organism_019",
    "organism_012",
    "organism_007",
    "organism_013",
    "organism_009",
    "organism_008",
    "organism_001",
    "organism_006",
    "organism_017",
    "organism_011",
    "organism_005",
    "organism_003",
    "organism_015",
    "organism_014",
    "organism_018",
    "organism_020",
    "organism_002",
    "organism_010"
  ],
  "champion": "organism_017",
  "scores": {
    "organism_017": 1023.84,
    "organism_014": 899.0395000000002,
    "organism_013": 860.0,
    "organism_015": 778.8,
    "organism_016": 720.7199999999999,
    "organism_004": 711.0,
    "organism_019": 711.0,
    "organism_006": 658.0,
    "organism_020": 648.0,
    "organism_002": 648.0,
    "organism_011": 585.0,
    "organism_018": 560.0,
    "organism_005": 517.0,
    "organism_012": 473.5999999999998,
    "organism_007": 440.0,
    "organism_003": 396.0,
    "organism_010": 395.19999999999993,
    "organism_009": 380.0,
    "organism_001": 380.0,
    "organism_008": 209.30000000000004
  },
  "rounds": 20
}