{
  "timestamp": "2026-03-31T05:06:28.773841",
  "participants": [
    "organism_005",
    "organism_020",
    "organism_010",
    "organism_009",
    "organism_001",
    "organism_002",
    "organism_015",
    "organism_018",
    "organism_012",
    "organism_003",
    "organism_006",
    "organism_013",
    "organism_008",
    "organism_017",
    "organism_019",
    "organism_011",
    "organism_014",
    "organism_004",
    "organism_007",
    "organism_016"
  ],
  "champion": "organism_015",
  "scores": {
    "organism_015": 1203.5999999999997,
    "organism_016": 1064.6999999999998,
    "organism_014": 1001.9087999999999,
    "organism_017": 924.3000000000001,
    "organism_012": 828.8000000000002,
    "organism_020": 774.0,
    "organism_004": 774.0,
    "organism_011": 711.0,
    "organism_002": 648.0,
    "organism_001": 620.0,
    "organism_005": 587.5,
    "organism_003": 585.0,
    "organism_019": 585.0,
    "organism_013": 580.0,
    "organism_009": 560.0,
    "organism_006": 517.0,
    "organism_018": 500.0,
    "organism_007": 500.0,
    "organism_008": 499.0999999999998,
    "organism_010": 469.2999999999999
  },
  "rounds": 20
}