{
  "timestamp": "2026-07-06T10:12:44.728709",
  "participants": [
    "organism_004",
    "organism_016",
    "organism_019",
    "organism_012",
    "organism_007",
    "organism_013",
    "organism_009",
    "organism_008",
    "organism_001",
    "organism_006",
    "organism_017",
    "organism_011",
    "organism_005",
    "organism_003",
    "organism_015",
    "organism_014",
    "organism_018",
    "organism_020",
    "organism_002",
    "organism_010"
  ],
  "champion": "organism_014",
  "scores": {
    "organism_014": 1413.3860000000002,
    "organism_015": 991.1999999999997,
    "organism_006": 728.5,
    "organism_016": 720.7199999999999,
    "organism_004": 711.0,
    "organism_002": 711.0,
    "organism_005": 658.0,
    "organism_012": 651.1999999999999,
    "organism_020": 648.0,
    "organism_017": 625.6800000000001,
    "organism_013": 580.0,
    "organism_011": 522.0,
    "organism_003": 522.0,
    "organism_010": 469.2999999999999,
    "organism_007": 440.0,
    "organism_009": 440.0,
    "organism_001": 440.0,
    "organism_019": 396.0,
    "organism_018": 380.0,
    "organism_008": 305.90000000000003
  },
  "rounds": 20
}