{
  "timestamp": "2026-03-30T07:23:53.639835",
  "participants": [
    "organism_005",
    "organism_020",
    "organism_010",
    "organism_009",
    "organism_001",
    "organism_002",
    "organism_015",
    "organism_018",
    "organism_012",
    "organism_003",
    "organism_006",
    "organism_013",
    "organism_008",
    "organism_017",
    "organism_019",
    "organism_011",
    "organism_014",
    "organism_004",
    "organism_007",
    "organism_016"
  ],
  "champion": "organism_017",
  "scores": {
    "organism_017": 924.3000000000001,
    "organism_014": 796.1702000000001,
    "organism_015": 778.7999999999998,
    "organism_004": 774.0,
    "organism_012": 740.0000000000001,
    "organism_007": 620.0,
    "organism_002": 585.0,
    "organism_011": 585.0,
    "organism_013": 580.0,
    "organism_020": 522.0,
    "organism_009": 500.0,
    "organism_018": 500.0,
    "organism_010": 469.2999999999999,
    "organism_003": 459.0,
    "organism_005": 446.5,
    "organism_019": 396.0,
    "organism_006": 376.0,
    "organism_008": 354.1999999999999,
    "organism_001": 320.0,
    "organism_016": 262.0800000000001
  },
  "rounds": 20
}