{
  "timestamp": "2026-03-27T05:04:19.704655",
  "participants": [
    "organism_018",
    "organism_003",
    "organism_005",
    "organism_008",
    "organism_007",
    "organism_004",
    "organism_006",
    "organism_015",
    "organism_019",
    "organism_010",
    "organism_002",
    "organism_014",
    "organism_013",
    "organism_011",
    "organism_001",
    "organism_009",
    "organism_012",
    "organism_016",
    "organism_020",
    "organism_017"
  ],
  "champion": "organism_016",
  "scores": {
    "organism_016": 1179.3600000000001,
    "organism_014": 1104.7781,
    "organism_017": 1023.8400000000001,
    "organism_015": 778.7999999999998,
    "organism_004": 711.0,
    "organism_001": 680.0,
    "organism_012": 651.2000000000002,
    "organism_011": 648.0,
    "organism_010": 617.4999999999998,
    "organism_005": 587.5,
    "organism_003": 585.0,
    "organism_013": 580.0,
    "organism_009": 560.0,
    "organism_020": 522.0,
    "organism_018": 500.0,
    "organism_007": 500.0,
    "organism_008": 450.79999999999995,
    "organism_006": 446.5,
    "organism_019": 333.0,
    "organism_002": 333.0
  },
  "rounds": 20
}