{
  "timestamp": "2026-05-11T09:34:49.532086",
  "participants": [
    "organism_018",
    "organism_008",
    "organism_004",
    "organism_020",
    "organism_010",
    "organism_015",
    "organism_013",
    "organism_017",
    "organism_012",
    "organism_014",
    "organism_002",
    "organism_001",
    "organism_007",
    "organism_011",
    "organism_005",
    "organism_009",
    "organism_006",
    "organism_016",
    "organism_003",
    "organism_019"
  ],
  "champion": "organism_016",
  "scores": {
    "organism_016": 1064.6999999999998,
    "organism_015": 672.5999999999999,
    "organism_012": 651.2000000000002,
    "organism_002": 648.0,
    "organism_010": 617.4999999999997,
    "organism_014": 590.4316000000001,
    "organism_006": 587.5,
    "organism_005": 517.0,
    "organism_018": 500.0,
    "organism_011": 459.0,
    "organism_009": 380.0,
    "organism_013": 370.0,
    "organism_020": 333.0,
    "organism_003": 333.0,
    "organism_017": 327.05999999999995,
    "organism_004": 270.0,
    "organism_019": 270.0,
    "organism_007": 260.0,
    "organism_008": 257.59999999999997,
    "organism_001": -40.0
  },
  "rounds": 20
}