{
  "timestamp": "2026-06-11T07:27:45.529467",
  "participants": [
    "organism_008",
    "organism_016",
    "organism_006",
    "organism_019",
    "organism_017",
    "organism_005",
    "organism_013",
    "organism_007",
    "organism_012",
    "organism_015",
    "organism_010",
    "organism_004",
    "organism_018",
    "organism_002",
    "organism_003",
    "organism_009",
    "organism_001",
    "organism_020",
    "organism_014",
    "organism_011"
  ],
  "champion": "organism_012",
  "scores": {
    "organism_012": 1006.4000000000003,
    "organism_017": 924.3000000000001,
    "organism_014": 899.0395000000002,
    "organism_016": 835.3799999999999,
    "organism_020": 774.0,
    "organism_005": 728.5,
    "organism_010": 691.5999999999998,
    "organism_019": 585.0,
    "organism_015": 566.4000000000001,
    "organism_007": 560.0,
    "organism_004": 522.0,
    "organism_002": 522.0,
    "organism_006": 517.0,
    "organism_013": 510.0,
    "organism_018": 500.0,
    "organism_009": 500.0,
    "organism_003": 459.0,
    "organism_011": 459.0,
    "organism_001": 380.0,
    "organism_008": 305.8999999999999
  },
  "rounds": 20
}