{
  "timestamp": "2026-05-04T06:09:10.174127",
  "participants": [
    "organism_018",
    "organism_008",
    "organism_004",
    "organism_020",
    "organism_010",
    "organism_015",
    "organism_013",
    "organism_017",
    "organism_012",
    "organism_014",
    "organism_002",
    "organism_001",
    "organism_007",
    "organism_011",
    "organism_005",
    "organism_009",
    "organism_006",
    "organism_016",
    "organism_003",
    "organism_019"
  ],
  "champion": "organism_017",
  "scores": {
    "organism_017": 1023.84,
    "organism_014": 1001.9088000000002,
    "organism_016": 950.0399999999998,
    "organism_004": 837.0,
    "organism_012": 740.0000000000001,
    "organism_018": 680.0,
    "organism_010": 617.4999999999995,
    "organism_011": 585.0,
    "organism_015": 566.4,
    "organism_003": 522.0,
    "organism_019": 522.0,
    "organism_005": 517.0,
    "organism_013": 510.0,
    "organism_002": 459.0,
    "organism_006": 446.5,
    "organism_001": 440.0,
    "organism_007": 440.0,
    "organism_009": 440.0,
    "organism_020": 270.0,
    "organism_008": 257.6000000000001
  },
  "rounds": 20
}