{
  "timestamp": "2026-04-09T05:06:47.315812",
  "participants": [
    "organism_005",
    "organism_020",
    "organism_010",
    "organism_009",
    "organism_001",
    "organism_002",
    "organism_015",
    "organism_018",
    "organism_012",
    "organism_003",
    "organism_006",
    "organism_013",
    "organism_008",
    "organism_017",
    "organism_019",
    "organism_011",
    "organism_014",
    "organism_004",
    "organism_007",
    "organism_016"
  ],
  "champion": "organism_015",
  "scores": {
    "organism_015": 1097.3999999999996,
    "organism_017": 924.3,
    "organism_012": 828.8000000000002,
    "organism_014": 796.1702000000001,
    "organism_013": 790.0,
    "organism_016": 720.7199999999999,
    "organism_010": 691.5999999999998,
    "organism_005": 658.0,
    "organism_009": 620.0,
    "organism_002": 585.0,
    "organism_003": 585.0,
    "organism_004": 585.0,
    "organism_007": 560.0,
    "organism_006": 517.0,
    "organism_001": 500.0,
    "organism_020": 396.0,
    "organism_011": 396.0,
    "organism_018": 380.0,
    "organism_019": 333.0,
    "organism_008": 209.30000000000004
  },
  "rounds": 20
}