{
  "timestamp": "2026-04-06T05:20:29.710797",
  "participants": [
    "organism_005",
    "organism_020",
    "organism_010",
    "organism_009",
    "organism_001",
    "organism_002",
    "organism_015",
    "organism_018",
    "organism_012",
    "organism_003",
    "organism_006",
    "organism_013",
    "organism_008",
    "organism_017",
    "organism_019",
    "organism_011",
    "organism_014",
    "organism_004",
    "organism_007",
    "organism_016"
  ],
  "champion": "organism_016",
  "scores": {
    "organism_016": 1179.3600000000001,
    "organism_017": 1123.38,
    "organism_012": 917.6000000000003,
    "organism_014": 899.0395000000002,
    "organism_015": 884.9999999999999,
    "organism_020": 837.0,
    "organism_006": 658.0,
    "organism_002": 648.0,
    "organism_019": 648.0,
    "organism_010": 617.4999999999998,
    "organism_005": 587.5,
    "organism_003": 585.0,
    "organism_013": 580.0,
    "organism_009": 560.0,
    "organism_007": 560.0,
    "organism_011": 522.0,
    "organism_018": 500.0,
    "organism_001": 440.0,
    "organism_008": 402.49999999999994,
    "organism_004": 333.0
  },
  "rounds": 20
}