{
  "timestamp": "2026-06-03T08:13:00.550722",
  "participants": [
    "organism_008",
    "organism_016",
    "organism_006",
    "organism_019",
    "organism_017",
    "organism_005",
    "organism_013",
    "organism_007",
    "organism_012",
    "organism_015",
    "organism_010",
    "organism_004",
    "organism_018",
    "organism_002",
    "organism_003",
    "organism_009",
    "organism_001",
    "organism_020",
    "organism_014",
    "organism_011"
  ],
  "champion": "organism_004",
  "scores": {
    "organism_004": 837.0,
    "organism_016": 835.3799999999999,
    "organism_017": 824.76,
    "organism_014": 796.1702000000001,
    "organism_013": 720.0,
    "organism_019": 711.0,
    "organism_015": 672.6000000000001,
    "organism_012": 651.2,
    "organism_018": 620.0,
    "organism_003": 585.0,
    "organism_007": 560.0,
    "organism_001": 560.0,
    "organism_002": 522.0,
    "organism_020": 522.0,
    "organism_005": 517.0,
    "organism_009": 500.0,
    "organism_011": 396.0,
    "organism_006": 376.0,
    "organism_010": 321.1,
    "organism_008": 209.30000000000004
  },
  "rounds": 20
}