{
  "timestamp": "2026-05-14T06:21:59.159728",
  "participants": [
    "organism_018",
    "organism_008",
    "organism_004",
    "organism_020",
    "organism_010",
    "organism_015",
    "organism_013",
    "organism_017",
    "organism_012",
    "organism_014",
    "organism_002",
    "organism_001",
    "organism_007",
    "organism_011",
    "organism_005",
    "organism_009",
    "organism_006",
    "organism_016",
    "organism_003",
    "organism_019"
  ],
  "champion": "organism_016",
  "scores": {
    "organism_016": 950.0399999999998,
    "organism_005": 799.0,
    "organism_010": 765.6999999999996,
    "organism_014": 693.3009000000001,
    "organism_006": 658.0,
    "organism_012": 651.2,
    "organism_013": 650.0,
    "organism_003": 648.0,
    "organism_017": 625.6799999999998,
    "organism_020": 585.0,
    "organism_011": 585.0,
    "organism_015": 566.4,
    "organism_007": 560.0,
    "organism_002": 522.0,
    "organism_004": 459.0,
    "organism_018": 440.0,
    "organism_008": 402.49999999999983,
    "organism_019": 396.0,
    "organism_001": 260.0,
    "organism_009": 260.0
  },
  "rounds": 20
}