{
  "timestamp": "2026-06-05T07:05:32.522535",
  "participants": [
    "organism_008",
    "organism_016",
    "organism_006",
    "organism_019",
    "organism_017",
    "organism_005",
    "organism_013",
    "organism_007",
    "organism_012",
    "organism_015",
    "organism_010",
    "organism_004",
    "organism_018",
    "organism_002",
    "organism_003",
    "organism_009",
    "organism_001",
    "organism_020",
    "organism_014",
    "organism_011"
  ],
  "champion": "organism_016",
  "scores": {
    "organism_016": 1179.36,
    "organism_017": 924.3000000000001,
    "organism_013": 790.0,
    "organism_015": 778.8,
    "organism_010": 765.6999999999998,
    "organism_019": 711.0,
    "organism_014": 693.3009,
    "organism_007": 680.0,
    "organism_002": 648.0,
    "organism_003": 648.0,
    "organism_018": 620.0,
    "organism_008": 595.7,
    "organism_006": 587.5,
    "organism_004": 585.0,
    "organism_020": 585.0,
    "organism_011": 585.0,
    "organism_012": 562.4,
    "organism_001": 560.0,
    "organism_009": 500.0,
    "organism_005": 376.0
  },
  "rounds": 20
}