{
  "timestamp": "2026-06-30T06:53:26.237575",
  "participants": [
    "organism_004",
    "organism_016",
    "organism_019",
    "organism_012",
    "organism_007",
    "organism_013",
    "organism_009",
    "organism_008",
    "organism_001",
    "organism_006",
    "organism_017",
    "organism_011",
    "organism_005",
    "organism_003",
    "organism_015",
    "organism_014",
    "organism_018",
    "organism_020",
    "organism_002",
    "organism_010"
  ],
  "champion": "organism_014",
  "scores": {
    "organism_014": 1310.5167000000004,
    "organism_015": 1203.5999999999997,
    "organism_017": 1023.8400000000001,
    "organism_016": 835.3799999999999,
    "organism_011": 774.0,
    "organism_012": 740.0000000000001,
    "organism_010": 691.5999999999998,
    "organism_005": 658.0,
    "organism_013": 650.0,
    "organism_002": 648.0,
    "organism_004": 585.0,
    "organism_003": 585.0,
    "organism_020": 585.0,
    "organism_019": 522.0,
    "organism_007": 500.0,
    "organism_001": 500.0,
    "organism_018": 500.0,
    "organism_006": 446.5,
    "organism_009": 320.0,
    "organism_008": 305.9
  },
  "rounds": 20
}