{
  "timestamp": "2026-04-02T04:59:43.296656",
  "participants": [
    "organism_005",
    "organism_020",
    "organism_010",
    "organism_009",
    "organism_001",
    "organism_002",
    "organism_015",
    "organism_018",
    "organism_012",
    "organism_003",
    "organism_006",
    "organism_013",
    "organism_008",
    "organism_017",
    "organism_019",
    "organism_011",
    "organism_014",
    "organism_004",
    "organism_007",
    "organism_016"
  ],
  "champion": "organism_014",
  "scores": {
    "organism_014": 1001.9088000000002,
    "organism_016": 950.0399999999998,
    "organism_015": 778.7999999999998,
    "organism_017": 725.2199999999999,
    "organism_019": 711.0,
    "organism_010": 691.5999999999998,
    "organism_007": 680.0,
    "organism_012": 651.2000000000002,
    "organism_004": 648.0,
    "organism_003": 585.0,
    "organism_013": 580.0,
    "organism_020": 459.0,
    "organism_009": 440.0,
    "organism_001": 440.0,
    "organism_002": 396.0,
    "organism_018": 380.0,
    "organism_005": 376.0,
    "organism_006": 376.0,
    "organism_008": 354.1999999999999,
    "organism_011": 333.0
  },
  "rounds": 20
}