{
  "timestamp": "2026-05-27T07:01:31.284051",
  "participants": [
    "organism_014",
    "organism_018",
    "organism_006",
    "organism_017",
    "organism_019",
    "organism_020",
    "organism_003",
    "organism_007",
    "organism_015",
    "organism_009",
    "organism_005",
    "organism_004",
    "organism_011",
    "organism_010",
    "organism_001",
    "organism_012",
    "organism_013",
    "organism_016",
    "organism_002",
    "organism_008"
  ],
  "champion": "organism_016",
  "scores": {
    "organism_016": 1408.6800000000003,
    "organism_015": 1097.3999999999996,
    "organism_017": 1023.84,
    "organism_013": 860.0,
    "organism_019": 774.0,
    "organism_020": 711.0,
    "organism_003": 711.0,
    "organism_014": 693.3009000000001,
    "organism_010": 691.5999999999999,
    "organism_005": 658.0,
    "organism_012": 651.1999999999999,
    "organism_004": 585.0,
    "organism_018": 560.0,
    "organism_007": 560.0,
    "organism_009": 560.0,
    "organism_001": 560.0,
    "organism_011": 522.0,
    "organism_002": 522.0,
    "organism_008": 450.79999999999984,
    "organism_006": 376.0
  },
  "rounds": 20
}