{
  "timestamp": "2026-06-02T07:21:51.472640",
  "participants": [
    "organism_008",
    "organism_016",
    "organism_006",
    "organism_019",
    "organism_017",
    "organism_005",
    "organism_013",
    "organism_007",
    "organism_012",
    "organism_015",
    "organism_010",
    "organism_004",
    "organism_018",
    "organism_002",
    "organism_003",
    "organism_009",
    "organism_001",
    "organism_020",
    "organism_014",
    "organism_011"
  ],
  "champion": "organism_015",
  "scores": {
    "organism_015": 1097.3999999999996,
    "organism_016": 950.0399999999998,
    "organism_017": 824.7599999999999,
    "organism_012": 740.0,
    "organism_004": 711.0,
    "organism_014": 693.3009000000001,
    "organism_010": 617.4999999999999,
    "organism_002": 585.0,
    "organism_011": 585.0,
    "organism_003": 522.0,
    "organism_018": 500.0,
    "organism_001": 500.0,
    "organism_019": 459.0,
    "organism_006": 446.5,
    "organism_007": 440.0,
    "organism_009": 440.0,
    "organism_005": 376.0,
    "organism_013": 370.0,
    "organism_020": 333.0,
    "organism_008": 257.59999999999997
  },
  "rounds": 20
}