{
  "timestamp": "2026-07-05T06:37:21.960796",
  "participants": [
    "organism_004",
    "organism_016",
    "organism_019",
    "organism_012",
    "organism_007",
    "organism_013",
    "organism_009",
    "organism_008",
    "organism_001",
    "organism_006",
    "organism_017",
    "organism_011",
    "organism_005",
    "organism_003",
    "organism_015",
    "organism_014",
    "organism_018",
    "organism_020",
    "organism_002",
    "organism_010"
  ],
  "champion": "organism_017",
  "scores": {
    "organism_017": 1023.8399999999999,
    "organism_014": 1001.9088000000003,
    "organism_016": 835.3799999999999,
    "organism_015": 778.7999999999998,
    "organism_007": 740.0,
    "organism_001": 740.0,
    "organism_006": 658.0,
    "organism_005": 658.0,
    "organism_012": 651.2,
    "organism_020": 648.0,
    "organism_018": 620.0,
    "organism_009": 560.0,
    "organism_010": 543.3999999999999,
    "organism_003": 522.0,
    "organism_013": 510.0,
    "organism_004": 459.0,
    "organism_019": 459.0,
    "organism_002": 459.0,
    "organism_008": 402.4999999999999,
    "organism_011": 396.0
  },
  "rounds": 20
}