{
  "timestamp": "2026-04-25T05:08:35.449276",
  "participants": [
    "organism_018",
    "organism_008",
    "organism_004",
    "organism_020",
    "organism_010",
    "organism_015",
    "organism_013",
    "organism_017",
    "organism_012",
    "organism_014",
    "organism_002",
    "organism_001",
    "organism_007",
    "organism_011",
    "organism_005",
    "organism_009",
    "organism_006",
    "organism_016",
    "organism_003",
    "organism_019"
  ],
  "champion": "organism_015",
  "scores": {
    "organism_015": 1097.3999999999996,
    "organism_017": 1023.84,
    "organism_014": 1001.9088000000003,
    "organism_016": 835.3799999999999,
    "organism_012": 828.8000000000002,
    "organism_013": 790.0,
    "organism_019": 774.0,
    "organism_020": 711.0,
    "organism_005": 658.0,
    "organism_007": 620.0,
    "organism_011": 585.0,
    "organism_010": 543.3999999999999,
    "organism_004": 522.0,
    "organism_002": 522.0,
    "organism_003": 522.0,
    "organism_006": 517.0,
    "organism_001": 500.0,
    "organism_009": 500.0,
    "organism_018": 440.0,
    "organism_008": 402.49999999999983
  },
  "rounds": 20
}