{
  "timestamp": "2026-05-13T06:24:35.509406",
  "participants": [
    "organism_018",
    "organism_008",
    "organism_004",
    "organism_020",
    "organism_010",
    "organism_015",
    "organism_013",
    "organism_017",
    "organism_012",
    "organism_014",
    "organism_002",
    "organism_001",
    "organism_007",
    "organism_011",
    "organism_005",
    "organism_009",
    "organism_006",
    "organism_016",
    "organism_003",
    "organism_019"
  ],
  "champion": "organism_016",
  "scores": {
    "organism_016": 1179.3600000000001,
    "organism_015": 1097.3999999999996,
    "organism_014": 899.0395,
    "organism_017": 824.76,
    "organism_013": 720.0,
    "organism_020": 711.0,
    "organism_010": 691.5999999999998,
    "organism_009": 680.0,
    "organism_006": 658.0,
    "organism_012": 651.1999999999999,
    "organism_004": 648.0,
    "organism_019": 648.0,
    "organism_018": 620.0,
    "organism_007": 620.0,
    "organism_005": 587.5,
    "organism_011": 585.0,
    "organism_001": 560.0,
    "organism_002": 522.0,
    "organism_008": 354.19999999999993,
    "organism_003": 333.0
  },
  "rounds": 20
}