{
  "timestamp": "2026-04-13T05:37:51.064760",
  "participants": [
    "organism_018",
    "organism_008",
    "organism_004",
    "organism_020",
    "organism_010",
    "organism_015",
    "organism_013",
    "organism_017",
    "organism_012",
    "organism_014",
    "organism_002",
    "organism_001",
    "organism_007",
    "organism_011",
    "organism_005",
    "organism_009",
    "organism_006",
    "organism_016",
    "organism_003",
    "organism_019"
  ],
  "champion": "organism_015",
  "scores": {
    "organism_015": 884.9999999999998,
    "organism_016": 835.3799999999999,
    "organism_006": 728.5,
    "organism_017": 725.22,
    "organism_004": 711.0,
    "organism_002": 711.0,
    "organism_010": 617.4999999999998,
    "organism_014": 590.4316,
    "organism_005": 587.5,
    "organism_020": 522.0,
    "organism_003": 522.0,
    "organism_018": 500.0,
    "organism_012": 473.59999999999997,
    "organism_011": 459.0,
    "organism_019": 459.0,
    "organism_013": 440.0,
    "organism_009": 440.0,
    "organism_008": 402.4999999999999,
    "organism_001": 380.0,
    "organism_007": 200.0
  },
  "rounds": 20
}