{
  "timestamp": "2026-06-13T06:56:17.926422",
  "participants": [
    "organism_004",
    "organism_016",
    "organism_019",
    "organism_012",
    "organism_007",
    "organism_013",
    "organism_009",
    "organism_008",
    "organism_001",
    "organism_006",
    "organism_017",
    "organism_011",
    "organism_005",
    "organism_003",
    "organism_015",
    "organism_014",
    "organism_018",
    "organism_020",
    "organism_002",
    "organism_010"
  ],
  "champion": "organism_016",
  "scores": {
    "organism_016": 1294.0200000000002,
    "organism_012": 1095.2000000000003,
    "organism_014": 899.0395000000002,
    "organism_015": 778.7999999999998,
    "organism_005": 728.5,
    "organism_017": 725.2199999999998,
    "organism_010": 691.5999999999998,
    "organism_011": 648.0,
    "organism_006": 587.5,
    "organism_004": 585.0,
    "organism_013": 580.0,
    "organism_001": 560.0,
    "organism_019": 522.0,
    "organism_020": 522.0,
    "organism_002": 522.0,
    "organism_009": 500.0,
    "organism_007": 440.0,
    "organism_003": 396.0,
    "organism_008": 354.1999999999999,
    "organism_018": 320.0
  },
  "rounds": 20
}