{
  "timestamp": "2026-07-07T06:42:20.725795",
  "participants": [
    "organism_004",
    "organism_016",
    "organism_019",
    "organism_012",
    "organism_007",
    "organism_013",
    "organism_009",
    "organism_008",
    "organism_001",
    "organism_006",
    "organism_017",
    "organism_011",
    "organism_005",
    "organism_003",
    "organism_015",
    "organism_014",
    "organism_018",
    "organism_020",
    "organism_002",
    "organism_010"
  ],
  "champion": "organism_015",
  "scores": {
    "organism_015": 1097.3999999999996,
    "organism_016": 1064.6999999999998,
    "organism_017": 1023.8400000000001,
    "organism_013": 790.0,
    "organism_012": 740.0000000000001,
    "organism_004": 711.0,
    "organism_007": 620.0,
    "organism_014": 590.4316000000002,
    "organism_011": 585.0,
    "organism_010": 543.4,
    "organism_002": 522.0,
    "organism_003": 459.0,
    "organism_006": 446.5,
    "organism_009": 440.0,
    "organism_001": 440.0,
    "organism_020": 396.0,
    "organism_018": 380.0,
    "organism_005": 376.0,
    "organism_019": 333.0,
    "organism_008": 305.9
  },
  "rounds": 20
}