{
  "timestamp": "2026-05-18T06:54:27.420961",
  "participants": [
    "organism_014",
    "organism_018",
    "organism_006",
    "organism_017",
    "organism_019",
    "organism_020",
    "organism_003",
    "organism_007",
    "organism_015",
    "organism_009",
    "organism_005",
    "organism_004",
    "organism_011",
    "organism_010",
    "organism_001",
    "organism_012",
    "organism_013",
    "organism_016",
    "organism_002",
    "organism_008"
  ],
  "champion": "organism_017",
  "scores": {
    "organism_017": 1222.9199999999998,
    "organism_016": 1179.3600000000001,
    "organism_015": 884.9999999999998,
    "organism_006": 799.0,
    "organism_014": 796.1702000000001,
    "organism_020": 774.0,
    "organism_005": 658.0,
    "organism_019": 648.0,
    "organism_011": 648.0,
    "organism_001": 620.0,
    "organism_003": 585.0,
    "organism_012": 562.4,
    "organism_004": 522.0,
    "organism_013": 510.0,
    "organism_007": 500.0,
    "organism_009": 500.0,
    "organism_008": 499.0999999999999,
    "organism_018": 440.0,
    "organism_002": 333.0,
    "organism_010": 321.09999999999997
  },
  "rounds": 20
}