{
  "timestamp": "2026-04-10T05:21:48.937034",
  "participants": [
    "organism_018",
    "organism_008",
    "organism_004",
    "organism_020",
    "organism_010",
    "organism_015",
    "organism_013",
    "organism_017",
    "organism_012",
    "organism_014",
    "organism_002",
    "organism_001",
    "organism_007",
    "organism_011",
    "organism_005",
    "organism_009",
    "organism_006",
    "organism_016",
    "organism_003",
    "organism_019"
  ],
  "champion": "organism_014",
  "scores": {
    "organism_014": 1104.7781,
    "organism_016": 950.0399999999998,
    "organism_017": 924.3,
    "organism_013": 860.0,
    "organism_015": 672.6,
    "organism_012": 651.2,
    "organism_020": 648.0,
    "organism_011": 648.0,
    "organism_003": 648.0,
    "organism_004": 585.0,
    "organism_007": 560.0,
    "organism_019": 522.0,
    "organism_006": 517.0,
    "organism_018": 500.0,
    "organism_001": 380.0,
    "organism_002": 333.0,
    "organism_008": 305.8999999999999,
    "organism_005": 305.5,
    "organism_009": 260.0,
    "organism_010": 247.0
  },
  "rounds": 20
}