{
  "timestamp": "2026-07-01T07:08:05.876006",
  "participants": [
    "organism_004",
    "organism_016",
    "organism_019",
    "organism_012",
    "organism_007",
    "organism_013",
    "organism_009",
    "organism_008",
    "organism_001",
    "organism_006",
    "organism_017",
    "organism_011",
    "organism_005",
    "organism_003",
    "organism_015",
    "organism_014",
    "organism_018",
    "organism_020",
    "organism_002",
    "organism_010"
  ],
  "champion": "organism_015",
  "scores": {
    "organism_015": 1097.3999999999996,
    "organism_016": 950.0399999999998,
    "organism_012": 917.6000000000003,
    "organism_014": 899.0395000000001,
    "organism_017": 824.7599999999999,
    "organism_010": 765.6999999999997,
    "organism_005": 728.5,
    "organism_004": 711.0,
    "organism_003": 711.0,
    "organism_020": 711.0,
    "organism_002": 711.0,
    "organism_007": 680.0,
    "organism_011": 648.0,
    "organism_013": 580.0,
    "organism_001": 560.0,
    "organism_019": 522.0,
    "organism_018": 500.0,
    "organism_009": 440.0,
    "organism_006": 376.0,
    "organism_008": 354.1999999999998
  },
  "rounds": 20
}