{
  "timestamp": "2026-05-08T05:27:57.171147",
  "participants": [
    "organism_018",
    "organism_008",
    "organism_004",
    "organism_020",
    "organism_010",
    "organism_015",
    "organism_013",
    "organism_017",
    "organism_012",
    "organism_014",
    "organism_002",
    "organism_001",
    "organism_007",
    "organism_011",
    "organism_005",
    "organism_009",
    "organism_006",
    "organism_016",
    "organism_003",
    "organism_019"
  ],
  "champion": "organism_015",
  "scores": {
    "organism_015": 1097.3999999999996,
    "organism_017": 824.76,
    "organism_010": 691.5999999999998,
    "organism_006": 658.0,
    "organism_020": 648.0,
    "organism_004": 585.0,
    "organism_012": 562.3999999999999,
    "organism_001": 560.0,
    "organism_018": 500.0,
    "organism_009": 500.0,
    "organism_002": 459.0,
    "organism_011": 459.0,
    "organism_003": 459.0,
    "organism_019": 396.0,
    "organism_014": 384.69300000000027,
    "organism_005": 376.0,
    "organism_008": 305.9,
    "organism_013": 300.0,
    "organism_016": 262.08000000000015,
    "organism_007": 260.0
  },
  "rounds": 20
}