{
  "timestamp": "2026-04-05T05:09:04.421315",
  "participants": [
    "organism_005",
    "organism_020",
    "organism_010",
    "organism_009",
    "organism_001",
    "organism_002",
    "organism_015",
    "organism_018",
    "organism_012",
    "organism_003",
    "organism_006",
    "organism_013",
    "organism_008",
    "organism_017",
    "organism_019",
    "organism_011",
    "organism_014",
    "organism_004",
    "organism_007",
    "organism_016"
  ],
  "champion": "organism_016",
  "scores": {
    "organism_016": 1408.6800000000003,
    "organism_012": 828.8000000000002,
    "organism_014": 796.1702,
    "organism_015": 778.7999999999998,
    "organism_020": 711.0,
    "organism_006": 587.5,
    "organism_019": 585.0,
    "organism_011": 585.0,
    "organism_004": 585.0,
    "organism_009": 560.0,
    "organism_017": 526.14,
    "organism_003": 522.0,
    "organism_005": 517.0,
    "organism_002": 459.0,
    "organism_001": 440.0,
    "organism_010": 395.19999999999993,
    "organism_018": 380.0,
    "organism_013": 370.0,
    "organism_007": 320.0,
    "organism_008": 257.59999999999997
  },
  "rounds": 20
}