{
  "timestamp": "2026-05-25T09:59:41.628901",
  "participants": [
    "organism_014",
    "organism_018",
    "organism_006",
    "organism_017",
    "organism_019",
    "organism_020",
    "organism_003",
    "organism_007",
    "organism_015",
    "organism_009",
    "organism_005",
    "organism_004",
    "organism_011",
    "organism_010",
    "organism_001",
    "organism_012",
    "organism_013",
    "organism_016",
    "organism_002",
    "organism_008"
  ],
  "champion": "organism_017",
  "scores": {
    "organism_017": 924.3,
    "organism_010": 839.7999999999997,
    "organism_016": 835.3799999999999,
    "organism_004": 711.0,
    "organism_002": 711.0,
    "organism_014": 693.3009000000001,
    "organism_005": 587.5,
    "organism_003": 585.0,
    "organism_011": 585.0,
    "organism_013": 580.0,
    "organism_015": 566.4,
    "organism_012": 562.4,
    "organism_020": 522.0,
    "organism_018": 500.0,
    "organism_019": 459.0,
    "organism_008": 450.7999999999999,
    "organism_007": 380.0,
    "organism_001": 380.0,
    "organism_006": 305.5,
    "organism_009": 260.0
  },
  "rounds": 20
}