{
  "timestamp": "2026-03-19T04:51:20.982566",
  "participants": [
    "organism_003",
    "organism_005",
    "organism_008",
    "organism_007",
    "organism_004",
    "organism_006",
    "organism_002",
    "organism_001"
  ],
  "champion": "organism_004",
  "scores": {
    "organism_004": 774.0,
    "organism_003": 711.0,
    "organism_002": 711.0,
    "organism_005": 658.0,
    "organism_006": 658.0,
    "organism_007": 560.0,
    "organism_001": 500.0,
    "organism_008": 354.19999999999993
  },
  "rounds": 20
}