{
  "timestamp": "2026-07-19T05:47:36.322263",
  "participants": [
    "organism_018",
    "organism_014",
    "organism_002",
    "organism_004",
    "organism_017",
    "organism_011",
    "organism_007",
    "organism_016",
    "organism_020",
    "organism_009",
    "organism_005",
    "organism_019",
    "organism_015",
    "organism_013",
    "organism_006",
    "organism_008",
    "organism_001",
    "organism_010",
    "organism_003",
    "organism_012"
  ],
  "champion": "organism_016",
  "scores": {
    "organism_016": 1294.0200000000002,
    "organism_014": 1207.6474000000003,
    "organism_015": 672.5999999999999,
    "organism_012": 651.2,
    "organism_013": 650.0,
    "organism_010": 543.4,
    "organism_002": 522.0,
    "organism_011": 522.0,
    "organism_006": 517.0,
    "organism_018": 500.0,
    "organism_007": 500.0,
    "organism_008": 499.0999999999999,
    "organism_020": 459.0,
    "organism_005": 446.5,
    "organism_001": 440.0,
    "organism_017": 426.5999999999999,
    "organism_003": 396.0,
    "organism_009": 380.0,
    "organism_019": 333.0,
    "organism_004": 270.0
  },
  "rounds": 20
}