{
  "timestamp": "2026-05-28T06:51:53.182118",
  "participants": [
    "organism_014",
    "organism_018",
    "organism_006",
    "organism_017",
    "organism_019",
    "organism_020",
    "organism_003",
    "organism_007",
    "organism_015",
    "organism_009",
    "organism_005",
    "organism_004",
    "organism_011",
    "organism_010",
    "organism_001",
    "organism_012",
    "organism_013",
    "organism_016",
    "organism_002",
    "organism_008"
  ],
  "champion": "organism_015",
  "scores": {
    "organism_015": 1097.3999999999996,
    "organism_014": 796.1702000000002,
    "organism_017": 725.22,
    "organism_016": 720.7199999999999,
    "organism_009": 680.0,
    "organism_006": 658.0,
    "organism_005": 658.0,
    "organism_012": 651.2,
    "organism_020": 648.0,
    "organism_011": 648.0,
    "organism_004": 585.0,
    "organism_002": 585.0,
    "organism_013": 580.0,
    "organism_007": 560.0,
    "organism_010": 543.3999999999999,
    "organism_019": 522.0,
    "organism_008": 450.79999999999995,
    "organism_001": 440.0,
    "organism_003": 396.0,
    "organism_018": 380.0
  },
  "rounds": 20
}