{
  "timestamp": "2026-07-13T06:11:59.918961",
  "participants": [
    "organism_004",
    "organism_016",
    "organism_019",
    "organism_012",
    "organism_007",
    "organism_013",
    "organism_009",
    "organism_008",
    "organism_001",
    "organism_006",
    "organism_017",
    "organism_011",
    "organism_005",
    "organism_003",
    "organism_015",
    "organism_014",
    "organism_018",
    "organism_020",
    "organism_002",
    "organism_010"
  ],
  "champion": "organism_017",
  "scores": {
    "organism_017": 1322.4599999999998,
    "organism_016": 1179.36,
    "organism_012": 828.8000000000002,
    "organism_014": 796.1702,
    "organism_015": 778.7999999999998,
    "organism_006": 658.0,
    "organism_018": 620.0,
    "organism_019": 585.0,
    "organism_020": 585.0,
    "organism_001": 560.0,
    "organism_003": 459.0,
    "organism_002": 459.0,
    "organism_013": 440.0,
    "organism_008": 402.5,
    "organism_010": 395.19999999999993,
    "organism_004": 333.0,
    "organism_007": 320.0,
    "organism_009": 320.0,
    "organism_011": 270.0,
    "organism_005": 235.0
  },
  "rounds": 20
}