{
  "timestamp": "2026-07-04T06:15:23.405420",
  "participants": [
    "organism_004",
    "organism_016",
    "organism_019",
    "organism_012",
    "organism_007",
    "organism_013",
    "organism_009",
    "organism_008",
    "organism_001",
    "organism_006",
    "organism_017",
    "organism_011",
    "organism_005",
    "organism_003",
    "organism_015",
    "organism_014",
    "organism_018",
    "organism_020",
    "organism_002",
    "organism_010"
  ],
  "champion": "organism_016",
  "scores": {
    "organism_016": 1179.3600000000001,
    "organism_017": 924.3,
    "organism_012": 917.6000000000003,
    "organism_015": 884.9999999999998,
    "organism_014": 796.1702000000001,
    "organism_013": 790.0,
    "organism_011": 711.0,
    "organism_005": 658.0,
    "organism_004": 648.0,
    "organism_003": 585.0,
    "organism_020": 585.0,
    "organism_002": 585.0,
    "organism_019": 522.0,
    "organism_006": 517.0,
    "organism_007": 500.0,
    "organism_001": 500.0,
    "organism_010": 469.29999999999995,
    "organism_018": 440.0,
    "organism_009": 320.0,
    "organism_008": 257.6
  },
  "rounds": 20
}