{
  "timestamp": "2026-06-08T07:27:40.331032",
  "participants": [
    "organism_008",
    "organism_016",
    "organism_006",
    "organism_019",
    "organism_017",
    "organism_005",
    "organism_013",
    "organism_007",
    "organism_012",
    "organism_015",
    "organism_010",
    "organism_004",
    "organism_018",
    "organism_002",
    "organism_003",
    "organism_009",
    "organism_001",
    "organism_020",
    "organism_014",
    "organism_011"
  ],
  "champion": "organism_016",
  "scores": {
    "organism_016": 1408.6800000000003,
    "organism_015": 1203.5999999999995,
    "organism_017": 1023.8400000000001,
    "organism_014": 1001.9088000000002,
    "organism_006": 869.5,
    "organism_003": 837.0,
    "organism_012": 828.8000000000002,
    "organism_011": 774.0,
    "organism_019": 711.0,
    "organism_004": 711.0,
    "organism_002": 711.0,
    "organism_010": 691.5999999999998,
    "organism_007": 680.0,
    "organism_013": 650.0,
    "organism_018": 620.0,
    "organism_001": 620.0,
    "organism_005": 587.5,
    "organism_020": 522.0,
    "organism_008": 402.49999999999994,
    "organism_009": 380.0
  },
  "rounds": 20
}