{
  "timestamp": "2026-06-29T07:27:04.190869",
  "participants": [
    "organism_004",
    "organism_016",
    "organism_019",
    "organism_012",
    "organism_007",
    "organism_013",
    "organism_009",
    "organism_008",
    "organism_001",
    "organism_006",
    "organism_017",
    "organism_011",
    "organism_005",
    "organism_003",
    "organism_015",
    "organism_014",
    "organism_018",
    "organism_020",
    "organism_002",
    "organism_010"
  ],
  "champion": "organism_016",
  "scores": {
    "organism_016": 950.0399999999998,
    "organism_012": 828.8000000000002,
    "organism_015": 778.8,
    "organism_017": 725.2199999999998,
    "organism_014": 693.3009000000002,
    "organism_013": 580.0,
    "organism_010": 543.3999999999997,
    "organism_011": 522.0,
    "organism_006": 517.0,
    "organism_009": 500.0,
    "organism_008": 499.09999999999985,
    "organism_019": 459.0,
    "organism_003": 459.0,
    "organism_002": 459.0,
    "organism_005": 446.5,
    "organism_007": 440.0,
    "organism_004": 396.0,
    "organism_020": 396.0,
    "organism_018": 380.0,
    "organism_001": 320.0
  },
  "rounds": 20
}