{
  "timestamp": "2026-05-29T06:52:25.067029",
  "participants": [
    "organism_008",
    "organism_016",
    "organism_006",
    "organism_019",
    "organism_017",
    "organism_005",
    "organism_013",
    "organism_007",
    "organism_012",
    "organism_015",
    "organism_010",
    "organism_004",
    "organism_018",
    "organism_002",
    "organism_003",
    "organism_009",
    "organism_001",
    "organism_020",
    "organism_014",
    "organism_011"
  ],
  "champion": "organism_016",
  "scores": {
    "organism_016": 950.0399999999998,
    "organism_015": 884.9999999999998,
    "organism_014": 796.1702,
    "organism_005": 728.5,
    "organism_020": 711.0,
    "organism_010": 691.5999999999997,
    "organism_004": 648.0,
    "organism_017": 625.6799999999998,
    "organism_009": 620.0,
    "organism_003": 585.0,
    "organism_002": 522.0,
    "organism_011": 522.0,
    "organism_006": 517.0,
    "organism_001": 500.0,
    "organism_012": 473.59999999999974,
    "organism_019": 459.0,
    "organism_013": 440.0,
    "organism_018": 440.0,
    "organism_008": 354.19999999999993,
    "organism_007": 200.0
  },
  "rounds": 20
}