{
  "timestamp": "2026-06-23T06:47:58.487759",
  "participants": [
    "organism_004",
    "organism_016",
    "organism_019",
    "organism_012",
    "organism_007",
    "organism_013",
    "organism_009",
    "organism_008",
    "organism_001",
    "organism_006",
    "organism_017",
    "organism_011",
    "organism_005",
    "organism_003",
    "organism_015",
    "organism_014",
    "organism_018",
    "organism_020",
    "organism_002",
    "organism_010"
  ],
  "champion": "organism_014",
  "scores": {
    "organism_014": 1310.5167000000001,
    "organism_016": 1179.3600000000001,
    "organism_017": 924.3000000000001,
    "organism_012": 828.8000000000002,
    "organism_013": 790.0,
    "organism_015": 778.7999999999998,
    "organism_005": 658.0,
    "organism_004": 648.0,
    "organism_019": 648.0,
    "organism_007": 620.0,
    "organism_010": 617.4999999999999,
    "organism_020": 585.0,
    "organism_003": 522.0,
    "organism_002": 522.0,
    "organism_001": 500.0,
    "organism_018": 500.0,
    "organism_009": 440.0,
    "organism_008": 402.49999999999994,
    "organism_011": 396.0,
    "organism_006": 376.0
  },
  "rounds": 20
}