{
  "timestamp": "2026-03-26T05:02:41.524852",
  "participants": [
    "organism_018",
    "organism_003",
    "organism_005",
    "organism_008",
    "organism_007",
    "organism_004",
    "organism_006",
    "organism_015",
    "organism_019",
    "organism_010",
    "organism_002",
    "organism_014",
    "organism_013",
    "organism_011",
    "organism_001",
    "organism_009",
    "organism_012",
    "organism_016",
    "organism_020",
    "organism_017"
  ],
  "champion": "organism_015",
  "scores": {
    "organism_015": 1203.5999999999997,
    "organism_016": 1179.3600000000001,
    "organism_014": 1001.9088000000003,
    "organism_017": 924.3,
    "organism_004": 774.0,
    "organism_013": 650.0,
    "organism_011": 648.0,
    "organism_018": 620.0,
    "organism_009": 620.0,
    "organism_005": 587.5,
    "organism_019": 585.0,
    "organism_012": 562.3999999999999,
    "organism_010": 543.3999999999999,
    "organism_003": 522.0,
    "organism_020": 522.0,
    "organism_006": 517.0,
    "organism_007": 500.0,
    "organism_002": 459.0,
    "organism_001": 440.0,
    "organism_008": 402.49999999999994
  },
  "rounds": 20
}