{
  "timestamp": "2026-06-06T06:27:23.366972",
  "participants": [
    "organism_008",
    "organism_016",
    "organism_006",
    "organism_019",
    "organism_017",
    "organism_005",
    "organism_013",
    "organism_007",
    "organism_012",
    "organism_015",
    "organism_010",
    "organism_004",
    "organism_018",
    "organism_002",
    "organism_003",
    "organism_009",
    "organism_001",
    "organism_020",
    "organism_014",
    "organism_011"
  ],
  "champion": "organism_016",
  "scores": {
    "organism_016": 1294.0200000000002,
    "organism_015": 1203.5999999999997,
    "organism_014": 899.0395000000001,
    "organism_004": 774.0,
    "organism_012": 740.0000000000001,
    "organism_019": 711.0,
    "organism_006": 658.0,
    "organism_005": 658.0,
    "organism_003": 648.0,
    "organism_017": 625.68,
    "organism_020": 585.0,
    "organism_009": 560.0,
    "organism_010": 543.4,
    "organism_011": 522.0,
    "organism_013": 510.0,
    "organism_007": 500.0,
    "organism_001": 500.0,
    "organism_002": 459.0,
    "organism_008": 450.79999999999984,
    "organism_018": 440.0
  },
  "rounds": 20
}