{
  "timestamp": "2026-07-15T05:26:16.899841",
  "participants": [
    "organism_004",
    "organism_016",
    "organism_019",
    "organism_012",
    "organism_007",
    "organism_013",
    "organism_009",
    "organism_008",
    "organism_001",
    "organism_006",
    "organism_017",
    "organism_011",
    "organism_005",
    "organism_003",
    "organism_015",
    "organism_014",
    "organism_018",
    "organism_020",
    "organism_002",
    "organism_010"
  ],
  "champion": "organism_014",
  "scores": {
    "organism_014": 1001.9088000000003,
    "organism_015": 778.8000000000001,
    "organism_017": 725.2199999999999,
    "organism_016": 720.7199999999999,
    "organism_002": 711.0,
    "organism_004": 648.0,
    "organism_020": 648.0,
    "organism_010": 617.4999999999998,
    "organism_006": 587.5,
    "organism_019": 585.0,
    "organism_011": 585.0,
    "organism_003": 585.0,
    "organism_012": 562.4,
    "organism_018": 560.0,
    "organism_009": 500.0,
    "organism_001": 500.0,
    "organism_008": 450.7999999999999,
    "organism_013": 440.0,
    "organism_005": 376.0,
    "organism_007": 320.0
  },
  "rounds": 20
}