{
  "timestamp": "2026-03-20T04:44:12.178645",
  "participants": [
    "organism_003",
    "organism_005",
    "organism_008",
    "organism_007",
    "organism_004",
    "organism_006",
    "organism_010",
    "organism_002",
    "organism_001",
    "organism_009"
  ],
  "champion": "organism_004",
  "scores": {
    "organism_004": 711.0,
    "organism_006": 587.5,
    "organism_003": 585.0,
    "organism_002": 585.0,
    "organism_007": 500.0,
    "organism_001": 500.0,
    "organism_009": 500.0,
    "organism_010": 469.3,
    "organism_005": 446.5,
    "organism_008": 257.6000000000001
  },
  "rounds": 20
}