{
  "timestamp": "2026-05-03T05:55:18.684847",
  "participants": [
    "organism_018",
    "organism_008",
    "organism_004",
    "organism_020",
    "organism_010",
    "organism_015",
    "organism_013",
    "organism_017",
    "organism_012",
    "organism_014",
    "organism_002",
    "organism_001",
    "organism_007",
    "organism_011",
    "organism_005",
    "organism_009",
    "organism_006",
    "organism_016",
    "organism_003",
    "organism_019"
  ],
  "champion": "organism_017",
  "scores": {
    "organism_017": 824.7599999999999,
    "organism_014": 796.1702,
    "organism_016": 720.7199999999999,
    "organism_011": 711.0,
    "organism_015": 672.5999999999999,
    "organism_005": 658.0,
    "organism_002": 585.0,
    "organism_003": 522.0,
    "organism_019": 522.0,
    "organism_006": 517.0,
    "organism_001": 500.0,
    "organism_009": 440.0,
    "organism_004": 396.0,
    "organism_012": 384.79999999999984,
    "organism_018": 320.0,
    "organism_013": 300.0,
    "organism_020": 270.0,
    "organism_010": 247.0,
    "organism_008": 209.30000000000007,
    "organism_007": 140.0
  },
  "rounds": 20
}