{
  "timestamp": "2026-05-31T06:56:05.596600",
  "participants": [
    "organism_008",
    "organism_016",
    "organism_006",
    "organism_019",
    "organism_017",
    "organism_005",
    "organism_013",
    "organism_007",
    "organism_012",
    "organism_015",
    "organism_010",
    "organism_004",
    "organism_018",
    "organism_002",
    "organism_003",
    "organism_009",
    "organism_001",
    "organism_020",
    "organism_014",
    "organism_011"
  ],
  "champion": "organism_016",
  "scores": {
    "organism_016": 1294.0200000000002,
    "organism_015": 1097.3999999999996,
    "organism_017": 1023.8400000000001,
    "organism_014": 1001.9088000000002,
    "organism_006": 869.5,
    "organism_002": 774.0,
    "organism_010": 691.5999999999998,
    "organism_005": 658.0,
    "organism_019": 648.0,
    "organism_004": 585.0,
    "organism_003": 585.0,
    "organism_011": 585.0,
    "organism_013": 580.0,
    "organism_012": 562.4,
    "organism_009": 560.0,
    "organism_001": 560.0,
    "organism_018": 320.0,
    "organism_007": 260.0,
    "organism_008": 257.6,
    "organism_020": 207.0
  },
  "rounds": 20
}