{
  "timestamp": "2026-03-30T05:21:12.112055",
  "participants": [
    "organism_005",
    "organism_020",
    "organism_010",
    "organism_009",
    "organism_001",
    "organism_002",
    "organism_015",
    "organism_018",
    "organism_012",
    "organism_003",
    "organism_006",
    "organism_013",
    "organism_008",
    "organism_017",
    "organism_019",
    "organism_011",
    "organism_014",
    "organism_004",
    "organism_007",
    "organism_016"
  ],
  "champion": "organism_016",
  "scores": {
    "organism_016": 1179.36,
    "organism_014": 1104.7781000000002,
    "organism_017": 1023.8400000000001,
    "organism_013": 860.0,
    "organism_012": 828.8000000000002,
    "organism_001": 680.0,
    "organism_002": 585.0,
    "organism_015": 566.4,
    "organism_020": 522.0,
    "organism_011": 522.0,
    "organism_005": 517.0,
    "organism_009": 500.0,
    "organism_010": 469.29999999999995,
    "organism_004": 459.0,
    "organism_018": 440.0,
    "organism_003": 396.0,
    "organism_019": 396.0,
    "organism_008": 354.1999999999999,
    "organism_007": 320.0,
    "organism_006": 235.0
  },
  "rounds": 20
}