{
  "timestamp": "2026-06-08T10:47:24.664291",
  "participants": [
    "organism_008",
    "organism_016",
    "organism_006",
    "organism_019",
    "organism_017",
    "organism_005",
    "organism_013",
    "organism_007",
    "organism_012",
    "organism_015",
    "organism_010",
    "organism_004",
    "organism_018",
    "organism_002",
    "organism_003",
    "organism_009",
    "organism_001",
    "organism_020",
    "organism_014",
    "organism_011"
  ],
  "champion": "organism_014",
  "scores": {
    "organism_014": 1001.9088000000002,
    "organism_012": 828.8000000000002,
    "organism_015": 778.7999999999998,
    "organism_005": 728.5,
    "organism_016": 720.7199999999999,
    "organism_002": 711.0,
    "organism_004": 648.0,
    "organism_017": 625.68,
    "organism_010": 617.4999999999999,
    "organism_006": 587.5,
    "organism_019": 585.0,
    "organism_020": 585.0,
    "organism_011": 585.0,
    "organism_013": 580.0,
    "organism_009": 560.0,
    "organism_007": 500.0,
    "organism_008": 499.0999999999999,
    "organism_003": 459.0,
    "organism_018": 440.0,
    "organism_001": 440.0
  },
  "rounds": 20
}