{
  "timestamp": "2026-07-24T05:46:40.205604",
  "participants": [
    "organism_016",
    "organism_013",
    "organism_010",
    "organism_007",
    "organism_004",
    "organism_014",
    "organism_019",
    "organism_008",
    "organism_002",
    "organism_006",
    "organism_003",
    "organism_020",
    "organism_015",
    "organism_017",
    "organism_012",
    "organism_001",
    "organism_005",
    "organism_011",
    "organism_009",
    "organism_018"
  ],
  "champion": "organism_014",
  "scores": {
    "organism_014": 1104.7781,
    "organism_017": 924.3000000000001,
    "organism_005": 799.0,
    "organism_016": 720.7199999999999,
    "organism_015": 672.5999999999999,
    "organism_010": 617.4999999999999,
    "organism_011": 585.0,
    "organism_012": 562.4000000000001,
    "organism_019": 522.0,
    "organism_001": 500.0,
    "organism_009": 500.0,
    "organism_002": 459.0,
    "organism_003": 459.0,
    "organism_020": 459.0,
    "organism_013": 440.0,
    "organism_008": 402.4999999999999,
    "organism_007": 380.0,
    "organism_006": 376.0,
    "organism_004": 333.0,
    "organism_018": 260.0
  },
  "rounds": 20
}