{
  "timestamp": "2026-06-21T07:57:10.908046",
  "participants": [
    "organism_004",
    "organism_016",
    "organism_019",
    "organism_012",
    "organism_007",
    "organism_013",
    "organism_009",
    "organism_008",
    "organism_001",
    "organism_006",
    "organism_017",
    "organism_011",
    "organism_005",
    "organism_003",
    "organism_015",
    "organism_014",
    "organism_018",
    "organism_020",
    "organism_002",
    "organism_010"
  ],
  "champion": "organism_014",
  "scores": {
    "organism_014": 1001.9088000000003,
    "organism_005": 799.0,
    "organism_013": 790.0,
    "organism_015": 778.8,
    "organism_016": 720.7199999999999,
    "organism_006": 658.0,
    "organism_019": 648.0,
    "organism_003": 648.0,
    "organism_020": 585.0,
    "organism_012": 562.4,
    "organism_017": 526.14,
    "organism_004": 522.0,
    "organism_009": 500.0,
    "organism_001": 440.0,
    "organism_011": 396.0,
    "organism_002": 396.0,
    "organism_008": 354.19999999999993,
    "organism_007": 260.0,
    "organism_010": 247.00000000000003,
    "organism_018": 200.0
  },
  "rounds": 20
}