{
  "timestamp": "2026-06-07T07:03:10.360017",
  "participants": [
    "organism_008",
    "organism_016",
    "organism_006",
    "organism_019",
    "organism_017",
    "organism_005",
    "organism_013",
    "organism_007",
    "organism_012",
    "organism_015",
    "organism_010",
    "organism_004",
    "organism_018",
    "organism_002",
    "organism_003",
    "organism_009",
    "organism_001",
    "organism_020",
    "organism_014",
    "organism_011"
  ],
  "champion": "organism_016",
  "scores": {
    "organism_016": 1179.36,
    "organism_003": 837.0,
    "organism_017": 824.7599999999999,
    "organism_014": 693.3009000000002,
    "organism_015": 672.5999999999999,
    "organism_013": 650.0,
    "organism_004": 648.0,
    "organism_020": 648.0,
    "organism_019": 585.0,
    "organism_012": 562.4,
    "organism_009": 560.0,
    "organism_001": 500.0,
    "organism_002": 459.0,
    "organism_008": 450.79999999999984,
    "organism_006": 446.5,
    "organism_005": 446.5,
    "organism_018": 440.0,
    "organism_011": 333.0,
    "organism_007": 320.0,
    "organism_010": 247.00000000000003
  },
  "rounds": 20
}