{
  "timestamp": "2026-07-22T05:45:24.563959",
  "participants": [
    "organism_018",
    "organism_014",
    "organism_002",
    "organism_004",
    "organism_017",
    "organism_011",
    "organism_007",
    "organism_016",
    "organism_020",
    "organism_009",
    "organism_005",
    "organism_019",
    "organism_015",
    "organism_013",
    "organism_006",
    "organism_008",
    "organism_001",
    "organism_010",
    "organism_003",
    "organism_012"
  ],
  "champion": "organism_014",
  "scores": {
    "organism_014": 1104.7781000000002,
    "organism_016": 950.0399999999998,
    "organism_017": 924.3000000000001,
    "organism_015": 778.7999999999998,
    "organism_010": 691.5999999999998,
    "organism_012": 651.1999999999999,
    "organism_002": 648.0,
    "organism_011": 648.0,
    "organism_005": 587.5,
    "organism_020": 585.0,
    "organism_009": 560.0,
    "organism_001": 560.0,
    "organism_019": 522.0,
    "organism_018": 500.0,
    "organism_004": 459.0,
    "organism_003": 459.0,
    "organism_006": 446.5,
    "organism_013": 440.0,
    "organism_008": 257.59999999999997,
    "organism_007": 200.0
  },
  "rounds": 20
}