{
  "timestamp": "2026-05-30T06:20:36.794600",
  "participants": [
    "organism_008",
    "organism_016",
    "organism_006",
    "organism_019",
    "organism_017",
    "organism_005",
    "organism_013",
    "organism_007",
    "organism_012",
    "organism_015",
    "organism_010",
    "organism_004",
    "organism_018",
    "organism_002",
    "organism_003",
    "organism_009",
    "organism_001",
    "organism_020",
    "organism_014",
    "organism_011"
  ],
  "champion": "organism_016",
  "scores": {
    "organism_016": 1064.7,
    "organism_015": 991.1999999999999,
    "organism_014": 899.0395000000001,
    "organism_013": 790.0,
    "organism_011": 774.0,
    "organism_019": 711.0,
    "organism_010": 691.5999999999996,
    "organism_005": 658.0,
    "organism_012": 651.2,
    "organism_002": 648.0,
    "organism_017": 625.68,
    "organism_003": 585.0,
    "organism_001": 560.0,
    "organism_020": 522.0,
    "organism_006": 517.0,
    "organism_009": 500.0,
    "organism_004": 459.0,
    "organism_018": 440.0,
    "organism_008": 402.4999999999999,
    "organism_007": 320.0
  },
  "rounds": 20
}