{
  "timestamp": "2026-07-16T05:36:13.619449",
  "participants": [
    "organism_018",
    "organism_014",
    "organism_002",
    "organism_004",
    "organism_017",
    "organism_011",
    "organism_007",
    "organism_016",
    "organism_020",
    "organism_009",
    "organism_005",
    "organism_019",
    "organism_015",
    "organism_013",
    "organism_006",
    "organism_008",
    "organism_001",
    "organism_010",
    "organism_003",
    "organism_012"
  ],
  "champion": "organism_012",
  "scores": {
    "organism_012": 740.0000000000001,
    "organism_016": 720.7199999999999,
    "organism_014": 693.3009000000001,
    "organism_015": 672.5999999999999,
    "organism_009": 560.0,
    "organism_003": 522.0,
    "organism_007": 500.0,
    "organism_010": 469.2999999999999,
    "organism_002": 459.0,
    "organism_011": 459.0,
    "organism_020": 459.0,
    "organism_019": 459.0,
    "organism_006": 446.5,
    "organism_018": 440.0,
    "organism_013": 440.0,
    "organism_001": 440.0,
    "organism_017": 426.6000000000001,
    "organism_008": 402.49999999999994,
    "organism_005": 376.0,
    "organism_004": 333.0
  },
  "rounds": 20
}