{
  "timestamp": "2026-07-13T09:19:47.111278",
  "participants": [
    "organism_004",
    "organism_016",
    "organism_019",
    "organism_012",
    "organism_007",
    "organism_013",
    "organism_009",
    "organism_008",
    "organism_001",
    "organism_006",
    "organism_017",
    "organism_011",
    "organism_005",
    "organism_003",
    "organism_015",
    "organism_014",
    "organism_018",
    "organism_020",
    "organism_002",
    "organism_010"
  ],
  "champion": "organism_015",
  "scores": {
    "organism_015": 1309.7999999999995,
    "organism_016": 1064.6999999999998,
    "organism_017": 1023.8400000000001,
    "organism_014": 1001.9088000000002,
    "organism_019": 711.0,
    "organism_003": 711.0,
    "organism_013": 650.0,
    "organism_018": 620.0,
    "organism_006": 587.5,
    "organism_004": 585.0,
    "organism_011": 585.0,
    "organism_010": 543.4,
    "organism_005": 517.0,
    "organism_008": 499.09999999999997,
    "organism_012": 473.5999999999999,
    "organism_020": 459.0,
    "organism_002": 459.0,
    "organism_007": 440.0,
    "organism_009": 440.0,
    "organism_001": 440.0
  },
  "rounds": 20
}